Uniq Id;Product Name;Brand;Category
02e586747718939ccd55a1fe42300f9e;(4 Pack) A Taste of Thai Coconut Milk, 13.5 fl oz;A Taste of Thai;Baking
631225504e835aa354f8519b0f4e3054;Badia Coloring, Yellow, 1.75 Oz;Badia;Baking
c968c607c44d915845174243896a6a7f;Marshmallow Fluff 7.5 oz each (3 Items Per Order);Marshmallow Fluff 7.5 oz each;Baking
b1c8ab0b21dee895e46bf719caca29e2;Joyva Marshmallow Twists Chocolate Covered Marshmallow Sticks 1 pound;Joyva;Baking
16a67beab72bc5a0121bf5cd125f3792;Pack of 2 - Cinnamon Churro Marshmallows, 4.5 oz;Smashmallow;Baking
c1db240ed3f41f946ed621582d3575b7;(12 Cups) FlapJacked Microwaveable Mighty Muffin with Probiotics Mug Cake Variety Pack;FlapJacked;Baking
4947a76a6d0021be371a3a639f0042df;(2 Pack) Duncan Hines Simple Mornings Blueberry Streusel with Crumb Topping Muffin Mix, 20.5 oz Box;Duncan Hines;Baking
4f89cf3940e598ee0d2c6c3982ad60e4;King Arthur Flour Cranberry Orange Scone Mix, 14 oz (Pack of 6);;Baking
45433ffc21f6d95a1a9a41e9af44f38e;(8 Pouches) PBfit All-Natural Peanut Butter Powder, 0.84 oz Pouches;BetterBody Foods;Baking
b8e211f40fad474c3e1c7ca4dfb1bd09;Gluten-Free Honey Whole Grain Bread Mix;Gluten Free Heaven;Baking
8078c19930e0b8018ef50419fc11412a;Krusteaz Gluten Free Chocolate Chip Cookie Mix, 20 Ounce;Krusteaz;Baking
07317ef1c8e052299e71ca40a7df7916;Aspen Mulling Aspen Mulling Eggnog Mix, 5 oz;Aspen Mulling;Baking
228f8e1469c31ad49bde170a688be0c2;Martha White Apple Cinnamon Muffin Mix, 7-Ounce;Martha White;Baking
1c675677a84d8995e3705c10e9aa96e6;Edward & Sons Trading Lets Do Organic Tapioca, 6 oz;Lets Do Organic;Baking
8d7e13e07f29bed3ecef7213e8926edd;JELL-O Play Hiking Pudding Pop Kit, 7.3 oz Box;Jell-O;Baking
4023e303aa01ba2dc427334e5263cb5f;(3 Pack) Aunt Jemima Yellow Corn Meal 80 oz Bag;Aunt Jemima;Baking
5a6bd089fce3b9e463c16aabca5c15b8;Cafe Du Monde Beignet Mix, 28 oz (Pack of 12);;Baking
5089bbd1ca175cb45e65602442be9eb8;(6 Pack) King Arthur Flour Flour, All-Purpose, Unbleached, 5 LB;King Arthur Flour;Baking
be789d86039bee6014b07221a3fe9224;Greens Egg Custard Filling Mix, 1.9oz (54g);Greens;Baking
b004a58fdc052b4b8352246f2eb67de4;Ener-G White Rice Loaf, 16 oz (Pack of 6);;Baking
272a3d90379b7359040ebf0bdc54f618;Pamelas Products Bread Mix & Flour Blend, 4 lbs (Pack of 3);Pamelas;Baking
99137d90b05691a8ce474f23a631bf35;(2 pack) Duncan Hines Classic Dark Chocolate Fudge Cake Mix 15.25 oz;Duncan Hines;Baking
f853301c99ec870065cc577951a2114a;Grain Millers BG13916 Grain Millers Rolled Oats No. 5 - 1x50LB;Bulk Grains;Baking
28e3421166a7402783c431187166383b;WonderSlim Protein Pancake Mix - Fluffy Hot Cakes - Flapjack - Low Fat Pancake Mix with 12g Protein (7 Count);WonderSlim;Baking
4905b0d429cc9962c17a85bb934960b3;Mam Papauls Mam Papauls Gumbo W/okra Mix;MAM PAPAULS;Baking
9a3432e996f13674527ded564ccc72cd;Great Value Complete Pancake & Waffle Mix, Extra Fluffy, Original, 32 oz;Great Value;Baking
a4210d043415aec68165ae4bdbe8d1f0;Louisiana Fish Fry Products Cajun Gumbo Mix, 5 oz (Pack of 24);;Baking
603b69d8a06c7cd0aff7dbd77a4d6777;Namaste Foods Gluten-Free Hot n Spicy Seasoned Coating Mix, 6 oz Box;Namaste Foods;Baking
b9afd95a4791e4862045486501e67424;Cherrybrook Kitchen All Natural Chocolate Cake Mix, 19.5 Oz, Pack Of 6;Cherrybrook Kitchen;Baking
a777d6b421a507789e1422e1ef3f9f9a;5 Pack Natures Answer - Green Tea 2OZ Energy Shot w/ Yerba MatÃ;Natures Answer;Beverages
fd3c8cbb1e6c5725539b126e63279b53;SiS GO Energy + Caffeine Gel: Double Espresso, 60ml, Box of 30;SIS Science in Sport Nutrition;Beverages
3a1004ae0facaf81f2a994a15ad1e845;X2 All Natural Energy Drink, Strawberry Kiwi, 12 count;X2 ALL NATURAL ENERGY;Beverages
9b8c753795ed573b474ce898d62386ca;Monster Absolutely Zero Energy Drink (16 oz. cans, 24 ct.);Quality Brand;Beverages
72d880781439dd4c6fb6d412ed35c808;Energy with Cordyceps & Reishi, 200-Grams, Mushroom Matrix has found its Om! Same great product, beautiful new package! By Om Organic Mushroom Nutrition Ship from US;Om Organic Mushroom Nutrition;Beverages
cdd32026b361f92df8a04c7dfc64fb75;Energy Kicks Mixed Berry Solgar 2 fl oz Liquid;Solgar;Beverages
e856d1eae8fe0fe212730e40b37238ca;PowerBar IsoActive MAX Hydration Energy Sports Drink - 40 Servings Can (Raspberry Pomegranate );PowerBar;Beverages
1a6b0754bf61f88d14fd6458ee2f50b3;Teaza Herbal Energy Pouch Fire with Cayenne and Habenero 4 Pack;TeaZa;Beverages
d2793b4c255682496d3149359eb0f45a;+RED ELIXIR RESCUE Blood Orange, 12 oz, 12 pack;#NAME?;Beverages
1ad605eb402daff1fd0f46820d353891;"An Energy Drink for the Soul ""The First Sip""";Jennifer Lynn Dean;Beverages
c993c21157592e7c33340b7d7eae8078;Go Girl Lemon Drop Sugar Free Energy Drink, 11.5 fl oz;Go Girl;Beverages
8426d884df0ccc08bc1ed6b32f2fd820;Organic Mushroom Nutrition Cordyceps Mushroom Powder for Energy, Stamina and Endurance, 7.14 Oz, 2 Pack;Om Organic Mushroom Nutrition;Beverages
52110fca0a195280eee684820cfe155f;XYIENCE Tangerine Energy Drink, 16 Fl. Oz.;Xyience;Beverages
77c82594a03286e25c013df990330524;AMP Energy Natural Sour Grape Flavor Energy Drink, 16 Fl. Oz.;AMP;Beverages
3a63fba8e6a78bb92ab20b0d9dd66339;Advanced Energy Caramel Latte Shake – Ready to Drink Meal Replacement – 20g of protein, 11 fl oz. Bottle – 12 count, ENERGY FOR HOURS - Energize.., By SlimFast;SlimFast;Beverages
bcb3cea8ea237b2c6bb3fdccfa910d08;Monster Energy Rehab, Variety Pack, 15.5 Oz, 24 Ct;Brand by ENERGY DRINK;Beverages
71004c3b4625db09539a45923a5e57e3;Jets in High Energy Hadronic Collisions;Ali Zaman;Beverages
2ee5645005b26608fa056d88cc7ae837;NOS Nitro Mango Energy Drink, 16 Fl. Oz.;NOS;Beverages
03d855b84f942f3be8aa842e7d6a7ed9;Bonk Breaker Energy Chews + Caffeine - 60g - Strawberry - Box of 10;Bonk Breaker;Beverages
d6e101f40b1c79ffd12194dbee6f79f8;Blue Sky Beverage Blue Sky Blue Energy, 16 oz;Blue Sky;Beverages
c7259f490cef3a253fe057ddc7f61988;V8 +Energy, Healthy Energy Drink, Natural Energy from Tea, 100% Vegetable Juice, 8 Ounce Can (Pack of 6);V8;Beverages
2bab11dff74e6de1eaff68f4075ec30b;Glucosoral Coconut Energy Drink 12 oz - Coco (Pack of 1);Glucosoral;Beverages
e04c129fcd2f9d8ecb19a3c09de4c2cf;Guayaki Yerbamate - Organic - Sparkling - Grapefruit Ginger - 12 oz - case of 12;GUAYAKI;Beverages
7f8c1619a4c1b47a942522b946775681;5-hour TEA Shots, Peach Flavored Energy shot, 1.93 oz;5-hour ENERGY;Beverages
893abd3a5fcb2404bc3661f7a35201e0;Arizona RX Energy Refreshing Herbal Tea, 20 Fl. Oz.;AriZona;Beverages
915434a32152823d9e749f8fdda14dcd;Adrenaline Rush Energy Drink, 16 Fl Oz, 12 Ct;Adrenaline Rush;Beverages
51b1463686833ceb6d6326081c9873dc;Monster Fresh Energy Drink 16 oz Low calories, no compromise - pack of 24 .special for Athletes, musicians anarchists;;Beverages
83bab4d280cbd485eedd6c7638d92688;GU Roctane Gel: Chocolate Coconut, Box of 24;GU;Beverages
d819eda30591f2caba972cc5c39e0c9b;VPX Redline Xtreme RTD - Watermelon, 6 - 4 Packs 8 fl oz (240 mL);VPX;Beverages
ce3b381487bf4acd14708b67e66a0714;VPX Princess Redline RTD - Exotic Fruit / 24 (8 fl. oz.) Bottles;VPX;Beverages
7e1f5375a2c59063a3cfb1c28caf9fd9;Zevia Zero Calorie Energy Drink Naturally Sweetened Energy Drink, Variety Pac...;zevia;Beverages
8b9a79fe7cfed2a72eab20674ac6dcac;WP000-32488 32488 Gatorade Energy Drink Wide Mouth Riptide Rush 20oz 24 Per Case From Quaker Oats Company -# 32488;;Beverages
0beb7042e07f6151d3c244f5c64fce76;Accel Gel: Orange 24 Pack;Accelerade;Beverages
6593def42d386413b27b2c526336d798;VPX Redline Xtreme RTD Cotton Candy - 24 - 8 fl oz (240 ml) Bottles;VPX;Beverages
e70482bddd9f774dde69fb4d16b28100;Raptor Energy Drink, 16 Fl Oz, 24 Ct;RAPTOR;Beverages
a57087fe1df2e0f30541149d41f3173f;Runa Clean Energy Drink - Berry - Case of 12 - 12 Fl oz.;RUNA;Beverages
2223ab52000bbacb97806ea637bc8438;(1 Can) Red Bull Energy Drink, 16 Fl Oz;Red Bull;Beverages
ee2e63413f0bb3887c42142dfeb08946;Red Bull The Blue Edition Blueberry Energy Drink, 8.4 fl oz, 4 count;Red Bull;Beverages
b687d378aba8a65e49391fdc88d0e2ca;(24 Cans) Red Bull Energy Drink, Tangerine, 12 fl oz, Orange Edition;Red Bull;Beverages
4ccbdb9dec6c52247488cb06dc21334d;(24 Cans) Red Bull Energy Drink, Sugarfree Limeade, 12 fl oz, Lime Edition;Red Bull;Beverages
98372787356d91db4291f89e84a4d58e;(4 Cans) Red Bull Energy Drink, Tangerine, 8.4 Fl Oz, Orange Edition;Red Bull;Beverages
f7f0bb67c02ef716cc749079a6b2b000;(1 Can) Red Bull Energy Drink, Tropical, 12 Fl Oz, Yellow Edition;Red Bull;Beverages
b568170d72fa18778e1626f3823ab36f;(1 Can) Red Bull Sugar Free Energy Drink, 20 Fl Oz;Red Bull;Beverages
b8beb47e16f279b948b2e07e77a5ad6e;Protein2o Protein Infused Water, Variety Pack, 15g Protein, 12 Ct;Protein2o;Beverages
b2642f5f4032d6119363c674ccd6fe88;Fuel For Fire Fff Strawberry Banana + Protein Smoothie;Fuel For Fire;Beverages
67f48e77c4adf28ffe9f5127eb8f5d1f;Protein2o Protein Infused Water, Harvest Grape, 15g Protein, 12 Ct;Protein2o;Beverages
4abc490d89521feaef2f88f737ac1485;Rude Health UHT Organic Almond Drink - Unsweetened (1L);Rude Health;Milk
a1887a816ede712cae1c8cc98ec48ce9;Eden Foods Organic Unsweetened Soymilk - Case of 12 - 32 FL oz.;EDEN FOODS;Milk
56963517ba4f0ed7eef245eed6242296;(2 Pack) SOY DREAM Enriched Original Organic Soymilk, 32 fl oz;Soy DREAM;Milk
36b71de8a23b0ac10681f8f9abbe0246;Horizon Organic Strawberry 1% Lowfat Milk, 8 fl oz, 12 count;Horizon;Milk
2c510532a6af582586d99996d42fb68c;(Pack of 12) Westsoy organic unsweetened soymilk, 32 fl oz;WESTSOY;Milk
22b905346777b98faeb19c943be2f613;Organic Valley Single Serve Aseptic Milk - White 1% - Pack of 12 - 6.75oz Cartons;Organic Valley;Milk
3b2ef4280cd676d41f4bd07fe1f8102f;Silk Danone Refrigerated Original Soymilk 64floz (PACK OF 6);Silk;Milk
92bb3fd1fa369aba48aefa18a3f5faec;Pacific Natural Foods Select Soy - Original - Case of 12 - 32 Fl oz.;PACIFIC NATURAL FOODS;Milk
2bf14329f84c7bafeaee3efb1fa4b58c;YON HO INSTANT SOY MILK POWDER 300G;YON HO;Milk
8a4dc1e3b83af68d36427a9e1ddf6f36;(Pack of 24) Yeos Soymilk Drink, 10.1 Fl Oz, 24 Count;Yeos;Milk
ba102ebed68793c8c01655cbc6775304;EDENSOY;Edensoy;Milk
9f0fd09a0d4ff8d1c189a94628ab3458;Great Value Original Soymilk, 0.5 gal;Great Value;Milk
e4fab4b6f41eac02d22b421818c8f080;(6 Boxes) Twinings of London Nightly Calm Green Tea Bags, 20 Ct;Twinings;Tea
5e6c60a50c341d16ac3108ed6e7971ed;Starter Matcha, 100% Organic Matcha, Powdered Tea, 12 Oz;Matcha Outlet;Tea
7f16810cc7bfce305fd0d3dfab912496;Paromi Tea, Cinnamon Chai, Organic and Fair Trade Rooibos, Full-Leaf, 15 Ct, 1.6 Oz;Paromi Tea, LLC;Tea
28c61805ee16db042c89c38a2e214371;Natrol Laci Le Beau Super Dieters Tea, 12 ea;Laci Le Beau;Tea
10ac0a3528a60b4456a145b9ab5b0d2d;Brodies Famous Edinburgh Tea, 50 Tea Bags, 4.4 oz;Brodies;Tea
d207739e794e6e9bc0ef90f68e16be37;TeaWell Organic Matcha Green Wellness Tea, 16 Count Box;Celestial Seasonings;Tea
fdfd3bbf213291e14f48faf8cbb8e48e;Snapple Raspberry Iced Tea, Keurig K-Cup Pod, 22ct;Snapple;Tea
f39a13fbc2230940f6314372f5ba152a;Two Leaves and a Bud, Inc., Organic Earl Grey Black Tea, 15 Count;Two Leaves and a Bud, Inc.;Tea
61296654b9e38f9bb104784f51ae177a;Lipton Black Iced Tea Mix Diet Lemon 20 qt;Lipton;Tea
fa02aafc3e4a4d1357b3c654ba39259c;Mighty Leaf Tea Organic Green Matcha Loose Tea, 1.5 oz;Mighty Leaf Tea;Tea
c053f32a2cad741d55e4dd146bf2c76b;Heavenly Tea Leaves Classic Loose Leaf Tea Sampler, 9 Count;Heavenly Tea Leaves;Tea
c305aca2292ba7cf06d1b3db938b6124;The Tao of Tea, Organic Lemongrass Herbal Tea, Loose Leaf Tea, 3 Oz Tin;The Tao of Tea;Tea
cde33862c58aef2cec92e9da94be5a5d;Pukka Herbs Organic Chamomile, Vanilla and Manuka Honey Herbal Tea Bags, 20 Ct;Pukka Herbs;Tea
83973f049d9b5c145ac6f5708e6e169a;Indulgent Foods Pacific Chai Chai Latte, 10 oz;Pacific Chai;Tea
7de055604188e5ba2ef921c3558976f1;Multi color Tapioca Pearl Gluten Free for Gourmet Boba Bubble Tea 250g/8.8 oz (Multi-colored);NineChef;Tea
31ac691114a09789737a1f053beb1016;Traditional Medicinals, Organic Green Tea Lemongrass, Tea Bags, 16 Ct;Traditional Medicinals;Tea
04b0d1e5510c6830e812e4928fd4aa0d;Tea Zone STRAWBERRY Premium Powder Mix for Boba Bubble Tea, Slush, Smoothies 2.2 lbs;TEA ZONE;Tea
a1fb04cadf1347729887f77fce931239;Traditional Medicinals Organic Throat Coat Herbal Tea Bags - 16 Ea;Traditional Medicinals;Tea
a62e28d65d987b1675a570bea2b712fa;Tiesta Tea Fireberry, Cranberry Hibiscus Rooibos Tea, 30 Servings, 1.7 Ounce Pouch, Caffeine Free, Loose Leaf Herbal Tea Immunity Blend, Non-GMO;Tiesta Tea;Tea
fd46fc7146091eba548507a76abecf92;Great Value Chai Latte K-cups, Tea Pods, 18 Ct;Great Value;Tea
eb1e55b4baaef8891129b815c14ca9a5;Organic Rooibos Tea Bags - Caffeine Free South African Red Tea (100 Ct.);Cederberg Tea Company;Tea
d34eba2aee70f3f9624dadfee0b8e394;Twinings Cold Infuse Lemon, Orange, & Ginger, Tea Bags, 12 Ct;Twinings;Tea
397adf6e2db2a6b1d333092b0c3eacdd;Secrets of Tea - Babies Colic, Babies Magic, & Babies Sleep Pack - Helps Relieve Acid Reflux, Bloating, Indigestion, Crying, Gas, Red Face and Promotes Better Sleep - 20 Tea Bags;Secrets of Tea;Tea
c28884cff22c1718c6aad9582dbd03c1;OUNONA 200pcs Drawstring Tea Bag Filter Paper Empty Tea Pouch Bags for Loose Leaf Tea Powder Herbs (White);Pixnor;Tea
9f720cb8ad2b919d442669c47cad1d83;matchaDNA Organic Powdered Matcha Green Tea, 10 Ounce;MatchaDNA;Tea
eb87e7bab74932d246269e66cdff4ef2;David Rio Tiger Spice Chai, Powdered Tea, 14 Oz;David Rio;Tea
af1920bbaa8fee020c310c1e2c2cf704;Body Breakthrough Trim Maxx Herbal Dieters Tea, 70 ea;Trim Maxx;Tea
1b2f7319c9d1c76559992ed7c7741ed1;Baby colic : Baby will sleep through the night and so will you/ Babies Magic Tea is a must have for every mom;Secrets of Tea;Tea
06c4a1db8f2765e853a2241c43528b68;Farmer Brothers Premium: Jasmine Green Tea, 1/25 ct box;Farmer Brothers;Tea
030ea6e67915ead0b8cca6eb8c1d008c;Celestial Seasonings Lemon Zinger Herbal Tea, 20 Count Box;Celestial Seasonings;Tea
383f17ba0cfb11e3677f20bc15a30fac;Yogi Tea, Green Tea Passion Fruit Matcha Tea, Tea Bags, 16 Ct, 1.12 OZ;Yogi Tea;Tea
7f7dc86acfcb6623c96c311ac85c452f;Tiesta Tea Victorian Earl Grey, Floral Earl Grey Black Tea, 30 Servings, 1.8 Ounce Pouch, High Caffeine, Loose Leaf Black Tea Energizer Blend, Non-GMO;Tiesta Tea;Tea
bac47c4d7a29bd4f3dd49d7144f195e7;HerbsGreen Premium Dried Phnom Penh Rose , 100% Natural, Food Grade Herbal Tea (4 oz. Bag);herbsgreen;Tea
3b23e5652141dcfd6fd7bda25cc33840;Caffe DVita Enchanted Chai Spiced Tea Latte,16 oz (Pack of 6);;Tea
b318bc4d598a6c54ca2be3fe1dda1700;Mullein Leaf Tea (25 tea bags, ZIN: 510850);TerraVita;Tea
f588daa922e2f3479249d918fc1cfde1;Harney And Sons Tea Bags Chamomile Herbal 50 Count;Harney & Sons;Tea
56e8ce1066e0c2971d6b9a2ec05a8b0e;Bigelow Matcha Green Tea with Turmeric, Tea Bags, 18 Ct;Bigelow Tea;Tea
a2aacbc2130495ed7f973751365480db;Tiesta Tea Ultimate Live Loose Kit, Sampler Gift Set, Includes Brewmaster Infuser, Tiesta Brand 14 Ounce Mug and 6 Assorted Loose Leaf Tea Blends;Tiesta Tea;Tea
c74531bafa9419c77c9668ab432090fe;Ahmad Tea, Aromatic Earl Grey, Loose Leaf Tea, 17.6 Oz;Ahmad Tea;Tea
6e9d29885b238af5248eed5b297726e1;Ahmad Tea, Peach & Passion Fruit Tea, 20 ct, 1.4oz (Pack of 6);Ahmad Tea;Tea
9a76d7a74007b700af4928c2c9bdd74a;(6 Boxes) Twinings of London Pomegranate & Raspberry Herbal Tea Bags, 20 Ct;Twinings;Tea
f3b1eb6be062cfccbc09ef6e0a7966c7;Tazo Chai Spiced Black Tea Latte Concentrate, 32 fl oz, (Pack of 6);Tazo;Tea
be27d0dc502b295d91d612e8ef826f2e;Taylors of Harrogate Yorkshire Red Tea, Tea Bags, 240 Ct;Taylors of Harrogate;Tea
4f0ef444f495ceacd06b1cdacaea866a;Triple Leaf Tea Tea Bags, Oolong Tea, 20 tea bags [1.34 oz (38 g)];Triple Leaf Tea;Tea
98630ad000c40049a7337b7a9e7d796f;The Tao of Tea, Organic White Peony Tea, Lose Leaf Tea, 2 Oz Tin;The Tao of Tea;Tea
1e186ce94440293123c7481ecfc4008c;Lipton Unsweetened Gallon-Sized Black Iced Tea Bags, 24 Ct;Lipton;Tea
40c6098599afab5d6df464f805db14c5;Oregon Chai, Original Chai Tea Latte, Single Serve Packets, 8 Ct;Oregon Chai;Tea
24d4620de0500b5f3249eedafb9545d5;Bigelow, English Teatime Black Tea Decaffeinated, Tea Bags, 20 Ct;Bigelow Tea;Tea
901cccfb2486d0647703686ab3e19eeb;Twinings Earl Grey Decaf Tea, Keurig K-Cups, 24 Count;Keurig;Tea
8206f1dc6375e274bb36392993ae69fc;6 Pack - Celestial Seasonings Tea Caffeine Free Herbal Tea, Wild Berry Zinger 20 ea;Celestial Seasonings;Tea
d7f682a251b669fa87ac1a470163290d;Pukka Herbs Organic Three Fennel Herbal Tea Bags, 20 Ct;Pukka Herbs;Tea
5a86b245787cefadd1b77b52f8eb4ccc;Werthers Original New Soft Caramels 2.22 Oz (63g) (3 Pack);Werthers Original;Chocolate
191a682daa75fb7a430d4fd4210cdd74;Kracie Popin Cookin JapaneseDiy Candy for Kids Tanoshii 5 kit Bundle (Donuts Sushi Cakes Waffle Bento) (Pack of 1) Total 5 kits + One NineChef Spoon;NineChef;Chocolate
e85125cc0629919f3b848c09b325cb4a;Popin Cookin DIY Candy Kit (3 Pack Variety) - Tanoshii Cakes Sushi and Donuts;NineChef;Chocolate
b731e51bb0d373edac750fd29ff27d84;Gin Gins, Double Strength Hard Ginger Candy, 4.5 Oz;Gin Gins;Chocolate
0a9430a74fe2b1894f2ffe0ef4e095e9;Prince Of Peace 100 Percent Natural Ginger Candy Chews 4.4 Ounce;NineChef;Chocolate
679ac13c9856d8216769f2e27ce4bf6c;BAYSIDE CANDY POP ROCKS ASSORTED, PACK OF 6 POP ROCKS;POP ROCKS;Chocolate
8d3af6afacdaec87cf5e83dd5c1a3959;Matlows Assorted Fruits Hard Candy Kosher Wrapped from England (grape, cherry, lime, lemon and orange) 2 pounds;SweetGourmet;Chocolate
82b9138cb66affcddee7b2e002ad9250;Arcor Strawberry Filled Bon Bons Hard Candy, Sachet Wrap (Pack of 2 Pounds);CrazyOutlet;Chocolate
2e16511fe03a8e6dd9d7f4b497e18bc2;Halter Sugar-Free Bonbons, Cherry 1.40 oz;Halter;Chocolate
dc873dc80ee8cb1a9ac48a0214cc83f9;Bacon Candy;Accoutrements;Chocolate
bc4fff03498fdd48655ffc8dc4c108f4;SweetGourmet Chocolate Filled Mints | Premium Hard Candies | Arcor Bulk Candy | 2 Pounds;SweetGourmet;Chocolate
462a0cb80456b8eed84a920d6f7f41e7;Pop Rocks Original Cherry;POP ROCKS;Chocolate
f6b3805aabc11e761c51bac496d4a554;Simpkins Butterscotch Flavoured Travel Sweets;Simpkins;Chocolate
2a5966789086af51434b74231f80dd10;Hand Crafted Candy Tin Menthol Eucalpytus Ice Chips Candy 1.76 oz Candy;Ice Chips;Chocolate
ec24b29998f550a330e7235d193a3e9f;Runts Candy Theater Box, 5 oz;;Chocolate
703199a571800ef467a2ca6eeb4a26af;Claeys Fat-Free Old Fashioned Root Beer Hard Candies, 6 Oz.;Claeys;Chocolate
ae9ba2e534f2beb97e699025fc34cb57;Sweet Tarts Conversation Hearts 5 pounds Sweet Tart Candy;Beulahs Candyland;Chocolate
cb73a195a5c644014cd52d7c67a4fa52;Boston America 1.5 oz Owl Tin Hootencandy Candy Tin;BostonAm;Chocolate
d8f1f88e889c0ce93abcdc083a8145cd;Cinnamon Candy Hearts CK Products 4 Oz Valentine Valentines Day Party;C.K. Products;Chocolate
9410b05e6fd7227c2ce75b583568e3f7;PEZ Assorted Fruit Rolls - 3 lbs.;PEZ;Chocolate
7963142cf849fd0c4109a53b270f196a;ICE CHIPS Birchwood Xylitol Candy in Large 5.28 oz Resealable Pouch Low Carb & Gluten Free (Macchiato);Ice Chips;Chocolate
398cb13f91d92a42645a100000d3d821;Root Beer Wrapped Rock Candy Sticks (10 Pieces);Superior Nut Company;Chocolate
2ce27eddb29c0fdec8d6ac182138f09f;SweetGourmet Clove Balls | Old-fashioned Candies With Natural Clovebud Oil | Bulk Hard Candy Wrapped | Kosher | 2 pounds;SweetGourmet;Chocolate
a0a145c41a595707a965d3abfe7ad936;SweetGourmet Clove Balls | Old-fashioned Candies With Natural Clovebud Oil | Bulk Hard Candy Wrapped | Kosher | 15oz;SweetGourmet;Chocolate
0f18353d0d07abd3553669791395af48;Les Anis de Flavigny - Lemon Flavored Anise Candy, 250g Pouch;Anis de Flavigny;Chocolate
e701bb0b4807ed86d0c6e7082a946e8f;Kopiko Coffee Candy 4.23 oz;NineChef;Chocolate
50d730658d4af25382dc41ebffc9e6e8;Double Honey Filled Candies | Honey Filled Hard Candy Wrapped Bulk| Kosher | 3 pounds;SweetGourmet;Chocolate
d29ed6d0815892a2d3694075f72de8c5;Hand Crafted Candy Tin Peppermint Ice Chips Candy 1.76 oz Candy (6 pack);ICE CHIPS;Chocolate
94f55c7d608b70d839624cca39cb0f95;BAYSIDE CANDY ROCK CANDY SWIZZLE STICKS ASSORTED, 72 PIECES!!!;RICHARDSON;Chocolate
9ca2e5b1807d4d7ac49f7536af8c58cc;Sanded Horehound Drops Old Fashioned Hard Candy 10 pounds Claeys Candies;Claeys;Chocolate
74da700628bb790a6b1704fddd64ee45;Betty Jane Candies Gremlin Snackers, 14 Ounce;Betty Jane Candies;Chocolate
85771a6391e59ab819143f5e8c9c8916;Jumbo Peppermint Balls (120 ct.);By Columbina;Chocolate
524ea0b6884d22b20f5865ccbb663ba9;SweetGourmet Cinnamon Discs | Arcor Premium Bulk Wrapped Hard Candy | 15oz bag;SweetGourmet;Chocolate
c3fcd7eeab807a282afe2c88ced5d075;Brachs Abra CaBubble Bubble Gum Filled Candy Balls, Cherry Flavored Candy, Individually Wrapped Bulk 2 Pounds Bag;CrazyOutlet;Chocolate
1e38682867774e9b0e02f25a62858f80;Washburn Dads Root Beer Barrels Hard Candy | Old Fashioned Candies | Wrapped | 4 pounds;SweetGourmet;Chocolate
d27b4272b983dc850ed0b08152e99a93;SweetGourmet Chocolate Filled Mints | Premium Hard Candies | Arcor Bulk Candy | 6 Pounds;SweetGourmet;Chocolate
85d72dcc10925698a9e7cf704d9f9e28;Kasugai Sumiyaki Japanese Roasted Coffee Candy 3.35 oz (Pack of 3);NineChef;Chocolate
8290b7b14bf6cbc1d268b2a168e0b3a2;Pop Rocks Popping Candy (Pack of 6);POP ROCKS;Chocolate
19c3672c90770ce90463f76932e3132b;Spangler Candy SPA-900 Candycane,pprmnt,rdwh;Spangler;Chocolate
b37995b5afd5529959bf5fedc5fc3b13;BAYSIDE CANDY POP ROCKS ASSORTED, PACK OF 12 POP ROCKS;POP ROCKS;Chocolate
8779fc4dadeee6ac4b99bee1ff8e8399;SweetGourmet Cinnamon Discs | Arcor Premium Bulk Wrapped Hard Candy | 4 Pounds;SweetGourmet;Chocolate
55fc174db100c1c5a83196ed6d1bfc16;Hot Pink Candy Scoops;Fun Express;Chocolate
7dae2f5b00693b6ab74ae9fa98b1c8b2;Candy Cane Cellophane Bags;Fun Express;Chocolate
ffbebf89d5787491da20b91fc51967bc;Lifesavers 5 Flavors Hard Candy Bag, 6.25 ounce;Life Savers;Chocolate
f3379778d613eebd54ddbf1212e55774;Black Scorpion Single Cup Coffee Christopher Bean Coffee K Cup Pods. (18 Count Box) Keurig Brewer Compatible.;Christohper Bean Coffee;Coffee
4b2a9615ca74fc6c9de48c29bb1566a5;10 boxes of organo gold ganoderma -gourmet caf latte coffee (20 sachets per box);organo gold;Coffee
c7f9e28cc1e6cc3c1c79cadf04edacf8;Nespresso Vertuo Espresso Capsules, Double Espresso Chiaro - 40 Count;Nespresso;Coffee
e950e4a299503c644994ad55d6fadaba;Fresh Roasted Coffee LLC, Green Unroasted Colombian Supremo Coffee Beans, 5 Pound Bag;Fresh Roasted Coffee LLC;Coffee
e710ea6d77a13010e9ac86db1d762552;French Vanilla Flavored Whole Bean Coffee, 12 Ounce Bag;Christohper Bean Coffee;Coffee
e3be9f1c6ef005000658e8a6e905c36c;Coffee Beanery English Toffee and Cream 12 oz. (Whole Bean);Coffee Beanery;Coffee
0f3c4f804ab09c04364d0340eb387358;Coffee Beanery Michigan Cherry 12 oz. (Whole Bean);Coffee Beanery;Coffee
4e9b622c2cf3a85d896a31419f3692d3;Kahlua Original K-Cup Coffee Pods, Light Roast, 48 Count (2 Boxes Of 24 Pods);Kahl��a;Coffee
1beb958a4ce417622c01bcf0572f657f;Christopher Bean Coffee BLACK SCORPION XX BOLD ROAST WHOLE BEAN 5 LB BULK BAG;Christohper Bean Coffee;Coffee
4176d00d815dc1b3acf77cb0183cdbe1;Pecan Sticky Buns Flavored Decaf Whole Bean Coffee, 12 Ounce Bag;Christohper Bean Coffee;Coffee
e02251aa4b9311157cd94983bbfa6042;4 Pack - Bio:Renew Volume Shampoo, Arabica Coffee & Fruit 13.5 oz;Herbal Essences;Coffee
d5d08a341c7d3cf0180392545ef141fe;Pablos Pride Guatemalan Whole Bean Coffee, Medium-Dark Roast, 32 Oz;Cafe Don Pablo;Coffee
9ca8556890250c7cce852460d008a42f;(3 pack) Don Pablo Colombian Decaf Medium-Dark Roast Whole Bean Coffee, 12 oz;Don Pablo;Coffee
835f66df835263c43650ea880202757f;Nespresso Originalline Espresso Capsules, Roma - 40 Count;Nespresso;Coffee
022ead384183de7767e901d2d2e99895;Executive Suite Dark Roast Coffee Keurig K-Cup Pods, Box of 70 Pods;Executive Suite;Coffee
67b0300f52455c7620b95f3c4af270c6;Nespresso Vertuo Extra Large Coffee Capsules, Alto Xl Intenso - 40 Count;Nespresso;Coffee
f475789262cdc63055395bf2fe7a3b49;Tylers Acid Free Organic Coffee 12oz Bag - Decaffeinated (Whole Bean);Tylers Coffee;Coffee
bb69f73d10de614d579b7dedc1a2e649;Dark Roast, Whole Bean Coffee (2.5lb) By Copper Moon Sumatra Arabica cofee, Kosher;Brand by Coffee;Coffee
5aeaf87489704dc99eb50c30b76755e3;Gingerbread Creme Brulee Flavored Decaf Whole Bean Coffee, 12 Ounce Bag, Holiday Christmas Seasonal;Christohper Bean Coffee;Coffee
896477a4d5fa18508533c54e79760495;Grand Parade Tsavo Blend Organic Dark Roast Whole Bean Coffee 12 oz. Bag;Grand Parade Coffee;Coffee
4cfa292ffc408145d9204c040fe4394a;Nespresso Vertuo Espresso Capsules, Double Espresso Scuro - 40 Count;Nespresso;Coffee
678c7ee68219864006c84c729747982a;Premium Kaya Kopi Jember From Timor Leste Islands Hybrid Robusta Arabica Coffee (100 Grams);Kaya Kopi;Coffee
cfd92a90fc7ba1f3760659263b56b6ac;Subtle Earth Organic Light Roast Whole Bean Coffee, 12 oz;Subtle Earth;Coffee
1064d2953378a28b5f50f648f947ffa3;Christopher Bean Coffee Decaf Gingerbread Creme Brulee K-Cup Coffee Pods, 18 Count For Keurig Brewers;Christopher Bean Coffee;Coffee
9ab38ac2a6cdd321570856e5bbe92cff;Nespresso Vertuo Coffee Capsules, Elvazio - 40 Count;Nespresso;Coffee
48b523449f1fd1cb0e424a6de16e8c35;Kirkland Signature Sumatran Whole Bean Coffee 3 lb, 2-pack;Assortit;Coffee
961c6e9fab927e52b883b3736d504e0b;Nespresso Vertuo Espresso Capsules, Altissio - 40 Count;Nespresso;Coffee
3daf1a0263db66f38c60e51d859a3336;Nespresso Originalline Espresso Capsules, Arpeggio - 40 Count;Nespresso;Coffee
d1c15ad44d9f2b1dc8828397b9f0f9bf;(6 Pack) Great Value Fajita Seasoning Mix, 1.25 oz;Great Value;Spices
3fd4c9b203533cbffb8da9a564466220;(2 Pack) Lawrys Garlic Powder, 2.9 oz;;Spices
9770e885a2c9d541c5cfd9103822dcef;(4 Pack) Stubbs Chili, Lime & Ginger Pork Marinade Mix, 1 oz;Stubbs;Spices
6cfa1378882bf623b441c2b8b30c9d6f;McCormick Grill Mates Smokehouse Maple Seasoning, 3.5 oz;McCormick;Spices
5f3975781c39ec35f2e5d53595a77213;(2 pack) Gebhardt Chili Powder, 3 ounces;Gebhardtâ€™s;Spices
a5e6ec2ac93fa05a745fc3c08da17ef1;Toschi Organic Balsamic Vinegar of Modena - 16.9 oz.;Toschi;Spices
5aa4b02a7ec4a36269f1c8c387ad4165;PACK OF 3-Colavita - Aged Balsamic Vinegar - Case of 1 - 17 fl oz.;COLAVITA;Spices
f9eebebd28cf9b37e3882859f9b07b78;(Pack of 80 ) Hellmanns Mayonnaise, Heinz Ketchup, Guldens Spicy Brown Mustard, Cholula Hot Sauce. Assorted Single Serve Packets. Includes HolanDeli Chocolate Mints.;HolanDeli;Spices
38be2bafe1869b8b4472ebad58c47344;Acetaia Reale 12 Year Aged Balsamic Vinegar - 8.5 fl oz (250mL) Italian Acetified Grape Must Vinegar;Acetaia Reale;Spices
40ab5a44573f09910cd6a6070f89f34f;Jarrow Formulas, Organic Apple Cider Vinegar, 16 fl oz (pack of 6);Jarrow Formulas;Spices
c2f0dce5d1b3c8f12cb2f130f5e7c237;Lao Gan Ma Hot Chili Sauce Oil 7.41oz 3 Count = 3 Bottles;Lao Gan Ma;Spices
d4b0bb634647b98bcd50442af570cc63;"Giuseppe Giusti ""Premio"" Balsamic Vinegar of Modena 16.9 fl.oz (500ml)";Giuseppe Giusti;Spices
b5877d5e792c0c7d6085cd9d5be73e39;Dynamic Health - Organic Apple Cider Vinegar with the Mother and Natural Honey Glass - 32 oz.;Dynamic Health;Spices
501118b556b7cd33d34a2e8a3c8a295e;Dynamic Health Laboratories Inc Organic Apple Cider Vinegar w/Mother 16 Ounce, Pack of 2;Dynamic Health Laboratories Inc;Spices
4a4447a704dc3ffcb77018ebcda984e8;Ass Kickin Scorpion Pepper Hot Sauce;Ass Kickin;Spices
38847ecd764a5bb713e0a0e60e4c3331;World Harbors Maui Mountain Teriyaki Marinade, Hawaiin Style, 16 Fl Oz;World Harbors;Spices
2323765e86b830f339e9e9f1ba4b41c6;Modenaceti of Modena Balsamic Vinegar, 16.9 OZ (Pack of 6);Modenaceti;Spices
3be9620afb76be837e5cae02cb749dd9;Reese Tarragon Sprig Vinegar, 12.7 OZ (Pack of 6);Reese;Spices
13d91a07827d68a45e895b33998bb37b;PÖDÖR Premium Organic Aceto Balsamico Red - 3.4 fl. Oz. - 100% Natural, Aged in Oak Barrels, Fermented, Unfiltered, Gluten-Free, Non-GMO in Glass Bottle;Pödör Premium Oils & Vinegars;Spices
5429cb534a5adf5d1a4b878614149d25;Acetaia Reale Saba Vinegar - 8.5 fl oz (250mL) Italian Grape Must Vinegar;Acetaia Reale;Spices
6df7fdea8a8327d6406955941c6d9ddb;Acetum Organic Apple Cider Vinegar with the Mother, 128 fl. oz.;Assortit;Spices
39552ad61b84244330baedbb93b07179;Sambal Oelek Ground Fresh Chili Paste, 8 oz (Pack of 12);;Spices
1b933b265cc0e90d5e4c77ea17da6279;Spectrum Organic Red Wine Vinegar, 16.9 OZ (Pack of 6);Spectrum Naturals;Spices
31099df99ebdb647b71e3296914603f7;Apple Cider Vinegar - eBook;Samuel Monalisa;Spices
fe02f1171964fe204c66df86d866a0cc;MIIC Racconto Vinegar, 17 oz;RACCONTO;Spices
6ef900c4bbb9070a3db50d4a351aca1d;Arran Mustard Smooth Honey 180g;Arran;Spices
8b5bed87b16e1db322888ac7172ef885;French Wine Vinegar with Spices - 16.9 oz;Caviar Line;Spices
63f87e9b9e114fc4b022ab7e701919dd;(2 Pack) Sir Kensingtons Spicy Brown Mustard 9 oz;;Spices
84c4033c096140d44946e3d6d14dd6d9;Cuisine Perel Gourmet Vinegar Variety Trio Holder Gift Set 6.8 Fl. Oz. Each (Late Harvest Riesling Vinegar, Blood Orange Vinegar, and Pomegranate Balsamic Vinegar);Cuisine Perel;Spices
56db5c47f8ada7aa2a93931848025240;Lesser Evil Puffs Crunchy Him Slt And Apple Cider Vinegar, 5 Oz, Pack Of 9;Lesser Evil;Spices
e070204a7a1bc2076f2decb599ee0949;Oceans Halo Organic No Soy Soy-Free Sauce - Original, 10oz Bottle;Oceans Halo;Spices
728f102d639fa76e3f6767b1ca4749aa;(3 Pack) Frenchs Honey Mustard, 12 oz;;Spices
fde6203cfc1a92c082d54d326a4b1768;Kurozu Vinegar with Apple (900 ml);W.A. Imports;Spices
aca0f5ebb1faba0685ac88586c21b561;(2 Pack) Frenchs Tomato Ketchup, 38 oz;;Spices
55a5ecba9bd41aef998b76dd79a0775e;SPICY PASTE FOR HOT POT 3x160G;NineChef;Spices
f70f9472a15b73ed5853fd1df349ce18;Mussini - 14 Year Aged Balsamic Vinegar from Modena | Riserva Di Famiglia | 100ml (3.4oz);Mussini;Spices
e39bc25a3543324363f72539244ee297;Louisiana Sauce Hot,6 Oz (Pack Of 24);Louisiana;Spices
0d684ec46824f9220c97ad1fa85d0b72;Chinkiang Vinegar 16.9oz D&J Asian Market;NineChef;Spices
5d0392705e85640445d414ce10345f78;Goya Adobo All Purpose Seasoning With Cumin, 28 oz;Goya Foods;Spices
a1eff54c241e4c881f7fb37ae50ffd4e;(3 Pack) Star Italian Kitchen Red Wine Vinegar, 12 fl oz;STAR;Spices
09d5fb4512797a776624475bf7cd3e81;Pataks Hot Mango Chutney, 12-Ounce Glass Jars (Pack of 6);Patak;Spices
31dbf66198f31805db19d7161dd4d7d0;Blue Plate Real Mayonnaise, 1 GAL/ 128 Fl. Oz.;Blue Plate;Spices
fd8154b4c297bdc069d9ddcfef74fdff;Pommery French Mustard from Meaux, 17.6 oz;Pommery;Spices
ee5d51a92961eea82d70bb50a9cb2a36;Guy Fieri Brown Sugar Bourbon BBQ Sauce, 19 oz, (Pack of 6);Guy Fieri;Spices
bccb8faaab393a1d99ee048551a49d57;"Acetaia Reale Coffee Dark Balsamic Glaze - 7.4 fl oz (250mL) Italian ""Cream"" of Balsamic Vinegar with Coffee";Acetaia Reale;Spices
5d2c480121d83f19d7b3a01385b718e7;Lee Kum Kee Red Vinegar 16.9z.;NineChef;Spices
5da2dd7274a614a19bedced54ba9d125;Koon Chun Black Vinegar (Five Bottle) + One NineChef Spoon;Koon Chun;Spices
a035a25febe5a438f7e3b52e0144f79c;Matured Balsamic Vinegar (2 Items Per Order);Matured Balsamic Vinegar;Spices
b7bbb5ec4b18cd2704479aeb54b15b15;Honeycup Mustard, 8 OZ (Pack of 6);Honeycup;Spices
4a89a74914668c534eacf11dd1f2b157;(12 Pack) Roland Seasoned Rice Wine Vinegar, 20.0 FL OZ;Roland;Spices
93f85a3241ca66c5f62ba0d1de274026;Vienna Horseradish Mustard 9oz (4 Pack);Vienna Beef;Spices
f40c01a1b8fe838cfa2890dd83415f7c;Gefen Imitation Distilled Vinegar 32 Oz. Pack Of 6.;AVI Glatt;Spices
b68298f2b0ce1c9f3eae171a5d21818a;Giusto Sapore Organic Balsamic Vinegar with the Mother;Giusto;Spices
329bc343e07e1ba9ae597d7d1582740c;(2 Pack) Kraft Real Mayonnaise, 22 fl oz Bottle;Kraft;Spices
edf79e478a6044dd9297d253663b17aa;Fig Balsamic Style Vinegar;Lesley Elizabeth;Spices
eb45814f9fb4977788ed73001d636a43;Ass Kickin Garlic Hot Salt;Ass Kickin;Spices
2f567bc5f5c4ea31504cbd03039693c5;San Giacomo Artisanal Beer Vinegar - 250 ml (250 ml);San Giacomo;Spices
b629a97e6113c1c789350df18d75408f;French Muscat Bouquet Vinegar - 16.9 oz;Delouis Fils;Spices
8ba49f0d3421256b9890dee739f8177e;Desert Pepper Spicy Black Bean Dip - Medium, 16 OZ (Pack of 6);Desert Pepper;Spices
7a88f1a78b6348afc1eeb2b1d6daf6eb;Louisiana Gold Pepper Sauce with Tabasco Peppers, 5 fl oz;Louisiana;Spices
5384b029cde9bc059be4759a50100b11;Frontier Natural Products Organic Powdered Stevia Herb 16 oz 453 g;Frontier Co-op;Spices
2a872c1a8c000406463144cefa012bf0;Blue Plate Real Mayonnaise, 64 Fl. Oz,;Blue Plate;Spices
a611956027187783948a867ce9d4f57e;Kraft Miracle Whip Dressing orignal jar, 48 OZ (Pack of 6);Miracle Whip;Spices
d3c25eddba94ad119cdfe0edf6994446;Balsamic Apple Vinegar;Gullo Specialty Foods;Spices
1f9c8df5acc67715235ef7d44900139f;Zoe Apple Cider - Vinegar - Case Of 6 - 17 Fl Oz.;Zoe;Spices
f7be13066da637827162ce323f4d4625;Sir Kensingtons Mayonnaise Classic 32 oz;Sir Kensingtons;Spices
83520e4f5d5e6b29b32ad64eddf0ceb4;Apple Cider Vinegar Turmeric & Cinnamon Wellness Shot Flora Inc 3.3 oz Liquid;Flora;Spices
6497f27f6eb640e45b8a0ca59395521d;Louisiana Fish Fry Prod Sauce, Fish Fry Remoulade, 10.50-Ounce;Louisiana Fish Fry Products;Spices
47dab277db807085d60ad22400e8fa79;Dollee Nasi Lemak Sambal (Stir Fry Sauce/Sambal Tumis) 200g;Dollee;Spices
bb246bda40f55791021c5a0d6b08c161;Frontier - Oil & Vinegar Btle w Stainless Stel Spt 10.2 in 10.2 in 3 PACK SD OC;Frontier;Spices
9b15202583bbad53d900a630f29178f3;(2 Pack) Heinz Jalapeno Tomato Ketchup, 14 oz Bottle;Heinz;Spices
c77b5dd84964fa1006b50ced1e44807a;Dell Alpe Mild Giardiniera Relish, 16 oz, (Pack of 12);DellAlpe;Spices
1d372209a546d25925c2eb84923a88f4;(Price/Case)Flavor Fresh 85840 Flavor Fresh Malt Vinegar Pouch 200-9 Gram;Flavor Fresh;Spices
247b0c273880aa9cf630e35b2e7a5b1d;(2 pack) Cattlemens Kansas City Classic BBQ Sauce, 18 oz;Cattlemens;Spices
4e67a5e44c8a21a6c918f35ba12e153d;Bionaturae Organic Balsamic Vinegar - 17 oz;BIONATURAE;Spices
b795ed51e73cee474b6fae2354a4cc5c;Product of KC Masterpiece Private Stock Original Barbecue Sauce, 2 pk./45 oz.;Brand KC Masterpiece Private;Spices
bb7eba4f8fec3f27b643beaa2dc16356;(3 Pack) Great Value Squeeze Mayonnaise, 18 oz;Great Value;Spices
d7d7664c2d72c2382cbd500c33aea41a;(10 Pack) Hunts Tomato Paste with Basil, Garlic, and Oregano, 6 oz;American Beauty;Spices
982878b30ee00abe192fd4d6d868f658;Plochmans Premium Sweet N Yellow Honey Mustard, 10. 5 oz (Pack of 6);;Spices
765a7f34eac7af4b04b184a360a06b8a;PACK OF 3-Eden Foods Organic Brown Rice Vinegar - 10 FL oz.;EDEN FOODS;Spices
524f9d0fc5433cb6db2c418c79fce3fd;Colgin Natural Hickory Liquid Smoke, 16 oz, (Pack of 6);Colgin;Spices
70f5e09d68d642f34ccd886d3939baf4;We Rub You Korean BBQ Marinade, Spicy, 15 Oz;We Rub You;Spices
7f3dab6da892baae884f127e6ef6d244;Sutter Buttes Dark Raspberry Balsamic Vinegar 8.5floz OC;Sutter Buttes;Spices
e7f81a8383f96b2e8d7b5feddf83c802;Giulianos Specialty Foods Giuliano Giardiniera, 16 oz;Giuliano;Spices
7d767f3dd0932dcc224aebd5773af490;Hidden Valley Easy Squeeze Original Ranch Salad Dressing & Topping, Gluten Free, Keto-Friendly - 20 Ounce Bottle;Hidden Valley;Spices
335a9cec9baf202b2610909869bac74a;Aunt Fannies Cleaning Vinegar, Lavender - (Case of 6 - 16.9 fl oz);Aunt Fannies;Spices
3486f0ef160ca69753541847ed6f1079;Ortega Taco Seasoning Mix, Original, 24 Oz;Ortega;Spices
90acf4ea1fd4189c17664e39c74e4bab;Apple Cider Vinegar Natural Diety Supplements;Natures Remedy;Spices
d6c4cc639babe35ac506311a8d564d0d;Product of Kikkoman Naturally Brewed Less Sodium Soy Sauce, 40 oz.;Brand Kikkoman Soy;Spices
497e06f84862c95dc46e1d0cab2ff1a8;Holland House Holland House Red Wine Vinegar - Vinegar - Case of 6 - 12 Fl oz.;HOLLAND HOUSE;Spices
7936ec38fe162cf12050d8b8dc592092;Simple Girl Organic Apple Cider Vinegar 16.9 oz;Simple Girl;Spices
f1842ec9d293eee3516ef47530f3670d;BetterBody Foods Avocado Oil Mayonnaise, 15 Oz (2 Pack);BetterBody Foods;Spices
26a6ddb67b972cbe6001703eb52ebd5c;Fini Vinegar - White Wine - Pack of 6 - 8.45 Oz;Fini;Spices
f16a66d1fe70f26e3e91b2c0217aa2e5;Texas pete hot sauce, 12 oz (pack of 6);Texas Pete;Spices
0fce1ec09f677f4d69a89d22189d11e4;Cipriani Food PDO Red Wine Vinegar, 16.9 oz;Cipriani Foods;Spices
73b48c5d63e16087cea903b72c1c7520;(2 Pack) Tabasco Smoked Red Jalapenos Chipotle Pepper Sauce 5 fl. oz. Box;;Spices
18c6cfcb52a35575b72791dfc2fac990;Walden Farms Calorie Free Barbecue Sauce Thick & Spicy 12 oz;Walden Farms;Spices
62e2ab7602ccce956ed94db561072e1c;Bartenura Private Collection Balsamic Vinegar Of Modena 8.5 Oz. Pk Of 12.;Bartenura;Spices
ee7647f581786f63a7513c9b939cdfa3;Hendricksons Original Sweet Vinegar And Olive Oil - Vinegar And Olive Oil - Pack of 6 - 16 Fl Oz.;Hendricksons;Spices
adb1df27f47b30a439d06bd1d86b8c9b;Lee Kum Kim Pure Sesame Oil 15 oz;LKK;Spices
20a7101d1eba865628c24974874acb26;Best Foods Gluten Free, Kosher Condiment Mayonnaise 30 oz;Best Foods;Spices
9bbb5959ed0287d30a29c5cc911a8d62;Guy Fieri Buffalo NY Wing Sauce, 12 fl oz, (Pack of 6);Guy Fieri;Spices
c4cd4d61098f425c9ef2557c4a683284;Bragg Organic Apple Cider Vinegar w/Mother 16 fl.oz. Bottle (2 Bottles);Bragg Live Foods, Inc.;Spices
c49ff775147218d19b3201ee538a484f;New 361893 Distilled White Vinegar 64Z Gabriela *1Y (6-Pack) Ketchup & Mustard Cheap Wholesale Discount Bulk Food Ketchup & Mustard Firesale;Dollaritem;Spices
f36172c8c7af1fa34a77c92198de87a4;Spicy Chili Crisp (Chili Oil Sauce) 7.41 oz Bottle;NineChef;Spices
b6043c8c2c2da2dec4332c21eabefb6b;Lee Kum Kee PREMIUM SOY SAUCE FAMILY PACK 59 fl oz each Bottle (1 PACK);NineChef;Spices
c9e484b65777e7bcc36bf1c797906fb5;Huy Fong Sriracha Hot Chili Sauce Bottle-17 Oz-2 Pack;NineChef;Spices
106be83225f94b89dfd4c3341ad59aec;Mrs. Renfros Ghost Pepper Scary Hot Nacho Cheese Sauce, 16 Oz (Pack Of 6);Mrs Renfro;Spices
b311396cd77e49c1bb0626c0b7563122;Its All About Me Screen Print Shirts Aqua Lg (14);Mirage;Spices
7dc59a13f029f022a901652474c1f8e3;Gold Plum Chinkiang Vinegar 18.6 fl oz;Gold Plum;Spices
a45338aa6d6b72ddb213148338c91818;NONNA PIAS CLSSC BTTL BALSAMIC VNGR 8.45 FLUID OUNCE;NONNA PIA S;Spices
0a6254db60e17a4fb6a756deb54956e6;Dumb Ass Hot Sauce, 5oz;Ass Kickin;Spices
90305eeb637d29911ad08f9f78b53da7;Slide Ridge Harvest Apple Honey Wine Vinegar 8.5 fl oz - Create enticing marinades, glazes, and dressings! 1 Pack;Slide Ridge;Spices
0238d7c9d9cbf0f2133ab8d945829ed8;koon chun Black Vinegar;NineChef;Spices
f2583d3f9b780bfaccbcd44d2a611029;Beaver Brand Cranberry Mustard, 13 oz, (Pack of 6);Beaverton;Spices
ac7f95c0d0c90239d03c3f497ba5f46a;Surig Essig Essence Vinegar - 14 oz (Pack of 2);Surig;Spices
75b46b7184e1507241bac541b3e97035;(3 Pack) Taco Bell Mild Sauce, 7.5 oz Bottle;Taco Bell;Spices
c6a5eabf2ac2aef5de3ba1bce29f5918;Nakano Seasoned Basil & Oregano Rice Vinegar 12 Oz (Pack of 6);NAKANO;Spices
25da57c6ca17f06df947a9d30ef68fdb;Fattoria Estense Silver Label Sphere Balsamic Vinegar - 8.5 oz (Pack of 2);Fattoria Estense;Spices
bf5cf23f730ba4533add23d78e95e10d;Hidden Valley Original Ranch Salad Dressing To Go Cups - 1.5 oz Each - 8 Count;Hidden Valley;Spices
64c12791b8dc6983cd57b27258b4b5cc;Sutter Buttes Cranberry Balsamic Vinegar 8.5 fl oz 233917 OC;Sutter Buttes;Spices
052376daa0de567d80284f7a90c667fb;Urban Accents Balsamic Vinegar and Onion Vegetable Rub 1.25 oz each (5 Items Per Order);Urban Accents Balsamic Vinegar and Onion Vegetable Rub 1.25 oz each;Spices
10b52e7eb97350a8a884646592188d0b;Soy Vay Sauce Asian Honey Bbq,21.5 Oz (Pack Of 6);SOY VAY;Spices
6c0e8ad15591b7e2dd141b32b5f115f6;Datu Puti Cane Vinegar (Sukang Maasim)- 33.81 fl. oz.;NineChef;Spices
c31b0d8a7a3c398c0999e4da16bbe184;Mo.De Gold Balsamic Vinegar of Modena Italy IGP Certified 8.45fl.oz/250ml;Mo.De;Spices
04710f6ce612e201f15256355c67ba83;Marie Sharps Orange Pulp Habañero Pepper Hot Sauce - 5 oz;Marie Sharps;Spices
77a900f6a95dc18f79925f87248c55cd;Bibigo Original Korean BBQ Sauce, 16.9 oz, (Pack of 6);Bibigo;Spices
32968a54876f2ac6e6f4ba8960c3a898;Nakano Organic Seasoned Rice Vinegar, 12 fl oz;Nakano;Spices
ca3ce519d5849cd7c2d10547f8bcce0c;Napoleon Napoleon Organic Vinegar, 16.9 oz;Napoleon;Spices
c8f5c13a71ec3434fae98cde3231d241;(2 Pack) Best Foods Squeeze Real Mayonnaise, 20 oz;;Spices
b811fd7dc3364f8d393d0d11919c1d42;Vincotto Fig by Gianni Calogiuri - 250mL;Vincotto;Spices
94b45bfb01f127e4eaedc0cbcbd93690;Mitsukan Natural Rice Vinegar, 12 OZ (Pack of 6);Mitsukan;Spices
370a181b830e12a28ffed4e0a682f62a;Wonder Classic White Bread 20 oz. Loaf;Wonder;Bakery & Bread
55781a855e8a627bb406f60e6aba35ec;Sola Golden Wheat Hamburger Buns, Low Carb, 4 CT (Pack of 2);Sola;Bakery & Bread
c1270d5ec4259d2fa2a3ae78303d1fac;New England Split-Top Frankfurter Hot Dog Rolls - 6 rolls, 6 inch;Local Grocer;Bakery & Bread
f761840df0e270a9bc7d121f6279e7e3;Raisin Challah;Zomicks;Bakery & Bread
363c27fed186753d2a23b75c619e8206;Great Low Carb Bread Company - 1 Net Carb, 16 oz, Everything Bread;Great Low Carb Bread Company;Bakery & Bread
5f58dae144eb31e3782be6a17d9bc098;Mestemacher Sunflower Seed Bread, 17.6 (Pack of 12);Mestemacher;Bakery & Bread
2017810ec52b7b2fd80167de73372ea8;Mestemacher Whole Rye Bread, 17.6 Oz, (pack of 12);Mestemacher;Bakery & Bread
50887a8128a54eae4befb0156b1018bb;Soft Communion Bread- 500 pieces;Swanson Christian Products;Bakery & Bread
217d60d1d360dc9215785e9f15f58530;Bonici Flatbreads, 6 inch x 13 inch, 20 lbs;Bonici;Bakery & Bread
a079bbd21e5e142e1706f1c2d7385a5c;Martins Sandwich Potato Bread- 16 slice 18 oz (4 Bags);Martins Famous Pastry Shoppe, Inc.;Bakery & Bread
8618d32330b7a05f742ff7e42a04e74f;Cloverhill Bakery Ultimate Danish and Honey Bun 16 Piece Variety Pack;Assortit;Bakery & Bread
be7ac885dc605c71f66cf1068aae6f33;Sara Lee Honey Wheat Bread, 22 slices, 20 oz;Sara Lee;Bakery & Bread
490e588de04b1aa4afd24b0140ef0d9e;Schar Gluten Free White Bread & Multigrain Bread, 14.4 oz (2 Pack);Schar;Bakery & Bread
602e1175f91784abc4e44a9973a061fc;Jim Buddys High Protein Donuts - Chocolate Size: One Donut;Jim Buddys;Bakery & Bread
e76edc4ee675e57323ff1826938d3bb4;Little Debbie Big Packs 2 Boxes of Snack Cakes & Pastries (Honey Buns);Little Debbie;Bakery & Bread
b3cf34ac70ba2157b7fa0cc3e012cf29;Entenmanns | Little Bites | Chocolate Chip Muffins | Delicious | Yummy | |Tasty | | 5 Pouches with 4 muffins each | | Total 20 Muffins | | 8.25 oz | (1 Box) |;b b;Bakery & Bread
a5e887f864f9138b99b8d0745353aea5;yuki love Japanese Rice Cake Mochi Daifuku (Taro) 7.4 Oz / 210g;NineChef;Bakery & Bread
e847656d28e65249e9affc9e8425f72c;Albertengo Pandoro - 1 Kilo (2.2 pound);Albertengo;Bakery & Bread
acb795e55fcf297693ce6642c238bed2;Pusheen Cat Cupcake Cake Decopics Pics Picks Toppers Decorations 24 Count;Decopac;Bakery & Bread
b7c7db4a291c7a1cf131fd20354f4bed;Wing Wah 2 Yolks White Lotus Seed Paste Mooncake(Low Sugar);Wing Wah;Bakery & Bread
566c127ebf9876845e6a72213ffd2678;Snowman Cupcake Rings Cupcake Rings 12ct;A Birthday Place;Bakery & Bread
0ba6d17566c422838a31bc9100a7b17a;Birdola Finch Stacker Seed Cake for Birds, 6 ounces;Birdola Products;Bakery & Bread
56a68d6df8acd473e1848a92c3a4a298;Tortuga Caribbean Rum Cake Assortment - 3 Rum Cakes;Tortuga;Bakery & Bread
019cce2c4f07ea93cd8eed74fba57a89;Macleans 12 Mini Christmas Cake Bites 240g;Macleans;Bakery & Bread
c7bf70290f9821d122de15d7d99675ef;Marmara Authentic Turkish Delight Lokum with Cogan Praline Nut Free Sweet Confectionery Gourmet Gift Box Candy Dessert Large 8 .8 oz;Marmara Foods;Bakery & Bread
7b9cd12305a722bf27294d4d3cf90455;Turkish Delights with Mix Nuts and Rose Marmara Gourmet Sweet Confectionery Box Candy Dessert with Nuts of Walnuts, Hazelnuts, Almonds and Pistachios and Rose Petals Extra Large 1 Pound;Marmara Foods;Bakery & Bread
d5ed1da8ad5f77ea3afc82c877c89823;Flatout Pizza Crusts, Artisan Thin Crust Flatbreads, 10.2 oz.;Flatout;Bakery & Bread
62d343f72b2ba9395895fdefaf91eabc;Golden Home Crust Pizza Ultthn 12In,14.25Oz (Pack Of 10);GOLDEN HOME;Bakery & Bread
617de6833ee42047ace86969e8eba503;Josephs Bakery Mini Pita Bread, Low Carb, 8 oz;Josephs Middle East Bakery;Bakery & Bread
6d831c6c38f0695b229fa568fc97a2fd;Tumaros Tumaros Low-In-Carb Wraps, 8 ea;Tumaros;Bakery & Bread
3c58c54f3f8c1f29c109e06ed8bf0647;Bite Sized Idaho Candy Owyhee Butter Toffee;OWYHEE;Eggs & Cheese
0a2591e63e5072a4b1277024a300f903;(pack of 6) Allgau Grass Fed German Butter Unsalted. Includes Our Exclusive HolanDeli Chocolate Mints;HolanDeli;Eggs & Cheese
d10d58c2ac9bef680c804ca25a46a924;Great Value Shredded Colby & Monterey Jack Cheese, 32 oz;Great Value;Eggs & Cheese
4467a0f0497f4eab635aa98b296cb8c7;Deli Direct Cheese Blocks Variety Pack, 7 oz, 8 count;Deli Direct;Eggs & Cheese
a1650ba3b56b3a5e7dbb7f99b31142ca;Great Value Cream Cheese Spread, 12 oz;Great Value;Eggs & Cheese
fd6bd9a7ba5bba73fe8e56fabc612053;Bel Paese - Whole Wheel - Traditional;igourmet;Eggs & Cheese
4d579cd83a2bf3ea2a3e99d58df04730;Brand New High Temperature Hot Pepper Cheese - 1 lb.;LEM;Eggs & Cheese
2b8ad88bb7a400d22025e148b3e664d6;Great Value Finely Shredded Fiesta Blend Cheese, 5 lb;Great Value;Eggs & Cheese
b27a77749ed708109db9edd6e5cff79b;Smoked Gouda;Caputos Market;Eggs & Cheese
fcd5026c938cb8a139a13fb20f610005;Ice Age: The Great Egg-Scapade (DVD);Palatial Products;Eggs & Cheese
f18935d361525da88f7d1cf517b9aa00;"Genuine Brooklyn""Egg Cream"" Kit";HISTORY COMPANY;Eggs & Cheese
08f5ed15317c3ec46d32c9de011f421c;Simply Chex - Strawberry Yogurt (Pack Of 60);General Mills;Eggs & Cheese
437b91e9af73d7961aa42cd1b9791b70;MOJO Lobster and Crab Leg Crackers and Tools with Sheller Picks for Seafood. Stainless Steel Opener Tips for Cracking Crabs, Tails, Oysters, Clams. Nice Nutcracker for Walnuts, Almonds, Nuts 4 Pack.;MOJO;Seafood
c47ec4eb86cb3e820901ea4ce13b2bd7;King Crab Legs LARGE (10 LBS);King Crab;Seafood
bfffb9e619b192ff88677ec32231ad45;La Sirena Pica Lime Sardine 5.5 oz - Sardina Sabor Limon (Pack of 5);La Sirena;Seafood
cde9d3d8c5099808cd1baae760b59b55;La Sirena Pica Pica Sardine 5.5 oz - Sardina (Pack of 5);La Sirena;Seafood
d47a227de2bd49b3b86caa9673690662;10 Lbs Jumbo Alaskan King Crab Legs;King Crab;Seafood
fa8183ed3826686393563540e42d976b;South America Wild Caught Medium Size Sea Cucumber - 8 Oz;WOHO;Seafood
09a356741d6fb8bd9a490c730199efa0;Napoleon Napoleon Fillets of Anchovies, 2 oz;Napoleon;Seafood
7bc9c2277c5b71982d192918d304c6d6;Reese Golden Smoked Sardines in 100% Pure Olive Oil, 3.75 oz, (Pack of 10);Reese;Seafood
8218f7f060a5451c9a4b6ff41275043f;Marketside Shredded Iceberg Lettuce, 8 oz;Marketside;Vegetables
b68a9625ca08683fa83ca3caccca325b;Nardone Bros Baking Nardone Bros Pizza, 16 oz;Nardone Bros;Frozen Food
b9c2f0b7b91b7e4527c2f1bf00808302;La Victoria Thickn Chunky Medium Salsa, 16 oz (Pack of 12);;Gluten Free
5db2fec54292cf761182adc2ef277ace;Mille Lacs Wild Rice Canoe Wild Rice, 15 oz;Canoe;Gluten Free
54d01ff71d20121f93cf3e2bf6756703;Vans Natural Foods Gluten Free Cranberry Almond Snack Bars, 1.2 oz, 5 count, (Pack of 6);Vans;Gluten Free
389b2f0ee8b03d653e2c8d932309fe7d;Mrs. Renfros Salsa Chipotle Raspberry, 16 OZ (Pack of 6);Mrs Renfro;Gluten Free
877125e3310b0d88920a0e7ca986895f;Great Value Large White Eggs, 18 count, 36 oz;Great Value;Gluten Free
20d86cb31c2012d7a417010a9dfc9468;Great Value Large White Eggs, 60 count, 120 oz;Great Value;Gluten Free
c045e4d36625067483ecebeae97dc671;Chifles Sweet Plantain Chips, 9 Oz.;Chifles;Gluten Free
849054f6fe218eac47158eaffceb699f;MacroLife Naturals MacroMeal Protein & Superfood Powder, Chocolate, 2.8 Lb;MacroLife Naturals;Gluten Free
fde1deeb3cdb325d9014278262b1df28;2 Pack BEANO to Help Prevent Gas and Bloating 30 tablets Ea = 60 tablets;Beano;Gluten Free
08b116626df671a2ad3fb1b1de9d179c;Go Raw 100% Organic Spirulina Super Chips, 3 oz, (Pack of 12);Go Raw;Gluten Free
269fc6604182f3c027e25280fdffb95b;Pure Organic Pineapple Passion Fruit Bars 0.63 oz 12 ct;Pure Organic;Gluten Free
5b882cc34680fc02172fdafd63cbe039;3 Pack - Digestive Advantage Lactose Defense, 32 ct;Digestive Advantage;Gluten Free
1d094abb85f8098c859bdf9c401ddb69;Great Value Large White Grade AA Eggs, 18 Count;Great Value;Gluten Free
022ae024b09f620aa43631c850db5720;Starbucks Refreshers Blueberry Acai Energy Drink, 8.4 fl oz, 4-Pack;Starbucks;Gluten Free
648edcd67d9739f7a06c1db5e482bd56;Saf-T-Pops, 9 oz.;Fox Valley Traders;Gluten Free
39ed859afd5bffc16c8a07be761ca74f;Great Value Organic Marjoram, 0.4 oz;Great Value Organic;Gluten Free
86d4d99efb86b97074711d183bf67d16;Bobs Red Mill, Organic, Whole Grain Hot Cereal, Creamy Buckwheat, 18 oz (pack of 3);Bobs Red Mill;Gluten Free
431d522aaaaac1707aef42130abbf08c;Judees Gluten Free Guar Gum Powder, 10 oz;Judees Gluten Free;Gluten Free
b44a860b9c34a740fe9319d5bef07183;KIND Dark Chocolate Nuts & Sea Salt 1.4 oz. Bar;Kind Bar;Gluten Free
659b8356835bc83712d6acbc95a35688;Vans Natural Foods Fire-Roasted Veggie Crackers, 4 oz, (Pack of 6);Vans Natural Foods;Gluten Free
0da1088290d65f03f3608d25a4d69e7d;Eboost Energy Shot, Superberry, 2 Fl Oz, 12 Ct;Eboost;Gluten Free
ee8e86409b616b31f584ef0717652bc9;Dynamic Health Goji Juice, 32.0 Fl Oz;Dynamic Health;Gluten Free
3d5ab4073d4fe31cc54e3ce5df1c1516;La Victoria Cilantro Medium Salsa, 16 oz (Pack of 12);;Gluten Free
8b86cb5095b479dadd03b371d97c799e;Annie Chuns Seaweed Crisp - Brown Rice - Pack of 10 - 1.27 Oz;Annie Chuns;Gluten Free
613613b3aa52fdad9d81780273fd6a69;Skittles Original Bite Size Candies, 7.2 Oz.;Skittles;Gluten Free
504941e8ec1411b52f3e8d18d964c79b;Natures Nutrition Probiotic 40 Billion CFU, 15x More Effective Patented Delay Release Lactobacillus Acidophilus, 120 Ct.;Natures Nutrition;Gluten Free
adb3024d86114efa2bccad51555eb804;3 Pack - BEANO TO GO Gas Prevention Tablets 12 Count Travel Pack Each;Beano;Gluten Free
746e04d52ffc40090647adc44af3fdb7;Zipfizz Healthy Energy Drink Mix. Pink Grapefruit, 20 Count;Zipfizz;Gluten Free
414afe8deb657a25aa9aa438b679f290;Guayaki Traditional Terere Yerba Mate, 16 Fo (Pack of 12);GUAYAKI;Gluten Free
d3ab6d079092d1c216e2721d0e797069;Pastel Religious Cross Buttermints for Easter - Edibles - Mints - Buttermints - Easter - 108 Pieces;Fun Express;Gluten Free
e5d7cd04182e8daa35f570e8f0450ae2;TUMS E-X 750 Tablets Assorted Fruit 96 Tablets (Pack of 3);TUMS;Gluten Free
b9df4aa9d22ff80be72b4910ee9a0ca6;Bobs Red Mill Golden Flaxseed Meal, 16-ounce;Bobs Red Mill;Gluten Free
dbdf047d8bc6a36c643329c0962e4e02;3 Pack - Natures Bounty Probiotic Acidophilus Tablets, 120 ea;Natures Bounty;Gluten Free
ce6fb7f6b2fcbf6b46c8b5ee0e8ded70;Desert Pepper Salsa Divino, 16 oz (Pack of 6);;Gluten Free
7790a39deb8af6d75904e3156ac0bed9;Fluff Artificial Flavor Strawberry Marshmallow Gluten Free 7.5 Oz. Pk Of 3.;Fluff;Gluten Free
3b8e292eccb49368c794288d684ceb0f;(3 Pack) Kernel Seasons 100% Natural Butter Spritzer, 4 oz;Kernel Seasons;Gluten Free
6d1abd80c2f975132817b2c74c391f71;Haddar Crostini Toasts Barbecue Kosher For Passover 4 oz. Pack of 1.;Haddar;Gluten Free
ff03f96ac840842402f268c53e7cf84e;Renew Life - Ultimate Flora Adult 50+ Probiotic - 90 Vegetable Capsule(s) Formerly Senior Formula;Renew Life;Gluten Free
08abd97ebfa85b77cc58fba0d3f1806f;24 PACKS : Kette Brand Krinkle Cut Potato Chips, Salt and Pepper, 2-Ounce Bags;Kettle Brand;Gluten Free
f5990c230b5ceb445f529a53f2963fc2;Great Value Oregano Leaves, 5.5 oz;Great Value;Gluten Free
189c20a29fd72abb0758313a8d188846;Party Sweets 14 Oz. White Buttermints, 50 Count;Party Sweets;Gluten Free
267f5d886f0ad5b98bc7d3a52d1c75a5;General Mills Betty Crocker Fruit Flavored Snacks, 10 ea;Betty Crocker;Gluten Free
d692558daceabfa9ac71181bd84c56db;Xlear Spry Mints, 45 ea;Spry;Gluten Free
48874994e170a8dec75232a6b9e2995d;Natures Path Summer Berries Organic Granola, Gluten Free, 11 Oz;Natures Path;Gluten Free
d8a39428f0a6c8e4578c97499ef009cb;Kirkland Signature Extra Strength Energy Shot, 48 Bottles, 2 Ounces Each;Healthcare;Gluten Free
a4975e1c2d72b4a07e541e0c49aac7f9;Peeps Pink Marshmallow Bunnies Easter Candy, 3.375 Oz.;Peeps;Gluten Free
14ed2d8b3d880d67544ee5df5b67198d;AMP Energy Lightning Energy Drink, 16 Fl. Oz.;AMP;Gluten Free
a8c64a35068f204f7abb3434108ee640;Natures Probiotic Blend Capsules, 100 Count;Natures Blend;Gluten Free
c2b601636c5a320274d239c9cbecbc2e;Jelly Belly 10-Flavor Jelly Beans Christmas Gift Box 4.25 oz;Jelly Belly;Gluten Free
cccbf6374a2ce10a539140ad78c9d0da;Natures Path Organic Gluten Free Hot Oatmeal Spiced Apple with Flax 1.41 Oz 8 Ct;Natures Path;Gluten Free
042ae3a379a93a9ccb93acc68afbcdec;Cheerios Cups, Gluten Free Cereal, Whole Grain Oats, 1.3 oz;Cheerios;Gluten Free
c5b6c7d7d5191ada1d864ea995da22db;(2 Pack) Weber Gluten Free Salt Free Seasoning, Burger, 2.5 Oz;Weber;Gluten Free
d8a8c31ff984688953497d02128cff79;Yoga Rice - Organic - Long Grain - Brown - pack of 12 - 32 Oz;Yoga;Gluten Free
aaaba17d9512d536940f1c6a21b556dd;Trolls Fruit Flavored Snacks 20 ct Value Pack, 16 oz;Betty Crocker;Gluten Free
9b7c6a1efa00fbd3a4f255cf8c4cd775;Renfro Foods Mrs Renfros Salsa, 16 oz;Mrs. Renfros;Gluten Free
a696b112eaa05cbeea0ae17d0038a48b;(3 Pack) Zatarains Reduced Sodium Jambalaya Rice Dinner Mix, 12 oz;Zatarains;Gluten Free
a17056ee9828615562e573d2844189f7;Fortify Extra Strength Probiotic 50 Billion Live Cultures 30 Count;Fortify;Gluten Free
d89f3aea718560dff44db41dec090916;Augason Farms Black Beans 5 lbs No. 10 Can;Augason Farms;Canned Food
483ef849e94cdfce7c8c112a6606c7b2;Lehmans Canned Chicken Meat (Case of 12);Lehmans;Canned Food
d848c8953983c541473c225793befffd;Gefen Solid White Tuna in Extra Virgin Olive Oil 6oz. KFP - Pack of 6;Geffen;Canned Food
2ff77c474f4e66809d16c2a3a880b730;(Pack of 12) Callipo Oro Single Pack Tuna in Olive Oil, 5.6 oz;Callipo;Canned Food
b1d9455dec362c2d911e9dcd01be5658;6 PACKS : Chicken of the Sea Chunk Light Tuna in Water, 4-5 Oz. Cans Shrinked Wrapped;Chicken of the Sea;Canned Food
903ff857d6991bbee4cb27504d1236c6;Safe Catch Seasoned Elite Wild Tuna, Chili Lime, 5 oz can;Safe Catch;Canned Food
83e381aacea3998bfd68f7c6c1baff35;Palacio de Oriente White Tuna with Olive Oil, Low in Salt 4.5 oz (Pack of 2);Palacio de Oriente;Canned Food
bf3518d13c3dff2055f9626f9c7e63f4;(2 Pack) StarKist Solid White Albacore Tuna in Vegetable Oil, 12 Ounce Can;;Canned Food
c4bae911ccfafe40ba5e4c362f62a836;Palacio de oriente White Tuna Low in Salt 4.5 oz (Pack of 3);Palacio de Oriente;Canned Food
6133169bead2d6638774329bc5c4a9c8;Ortiz Ventresca White Tuna Belly in Oil, 110-Grams;Ortiz;Canned Food
c55d3c4457c04b03cc541e9f5a3488ee;Natural Sea Wild Tongol Tuna - With Sea Salt - 5 Oz.;Natural Sea;Canned Food
38a0f26a7a371f5cae93f268a6671f8b;Tonnino Tuna Light - Olive Oil - Case Of 12 - 4.9 Oz.;Tonnino;Canned Food
265a2d2955d6b0ea5a52bf6ef17c390e;Ortiz Bonito Del Norte Tuna in Olive Oil 3.95 Oz Oval Tin (Spain) 6 Pack;Ortiz;Canned Food
3273c2c2617a54aa9cbad9c5b952deb3;Product of Bumble Bee Prime Fillet Solid White Albacore Tuna in Water, 6 pk./5 oz.;Brand Bumble Bee;Canned Food
019b67ef7f01103d8fb0a53e4c36daa7;La Costena Chipotle Peppers, 7 OZ (Pack of 12);La Costeï¿½ï¿½a;Canned Food
0c7656194a0f41160be795553acb775c;Whole fancy Sweet Pimentos by Goya. 4 oz Pack of 3;Goya Foods;Canned Food
384cec6e32a1fca57319a0c010fcd5d9;Tomatoes;Food Club;Canned Food
25d0229fd6acbc6b3a42f26910363990;Liebers Hearts Of Palm Kosher For Passover 14 Oz. Pack Of 3.;Liebers;Canned Food
66a18e6925b9ad8aa73f02526590541b;Food Club, Petite Diced Tomatoes;Food Club;Canned Food
488c46e8db9968e3e00b39c04d5ecee6;HAYWARDS STRONG & ZINGY TRADITIONAL ONIONS 400G;Haywards;Canned Food
5ced2af9f1b68826b5d9cd9e20e217b0;(Price/Case)Silver Floss 263873 Silver Floss Chopped Sauerkraut 24/14oz Can;Silver Floss;Canned Food
186a11a8d712a48cf7de2ebad96d1c27;(4 Pack) Pastene Roasted Peppers, 12 Oz;Pastene;Canned Food
80826cf0753e16fbf42ee052e4db7a3f;Wang Kimchi (2 Items Per Order);Wang Kimchi;Canned Food
76ec6f7aa5d0cc1f4c0dec348fb47fdc;Delallo Grilled Piquillo Peppers - Pack of 12 - 12 Oz.;DeLallo;Canned Food
02bc74053d795f52cd42e8f2a8d4d224;Product of Norpaco Prosciutto and Provolone Stuffed Peppers, 24 oz.;Brand Norpaco Prosciutto;Canned Food
fbf9eda3ece3ce9313fd9cfbae31821c;Vegetable Appetizer Lutenica (VG) 550g (19.4 oz) - green label;VG;Canned Food
054978e371321ad588e2035c9e576747;Pickled Red Cabbage (Kuhne) 24 oz;Kuhne;Canned Food
3f62e8f697989a757da6b886c3e28329;Tamek Stuffed Grape Leaves – 4.4lb;Tamek;Canned Food
660cced917f5120b65e5836f35129e2f;Dell Alpe Peperoncini, 24 OZ (Pack of 12);DellAlpe;Canned Food
f1eeedaa57179cec34d723ffce2253a8;MW Polar Black Garlic, 5.5 oz;Polar;Canned Food
916fd09bfe889424a8d326ac0595ca27;Del Monte Fresh Cut Extra Long Asparagus Spears 2 Pack;del monte;Canned Food
8389e215a8aa4aa0b0f89a3cf244d7ac;ROLAND ROASTED RED PEPPER STRIPS;Roland;Canned Food
3ec8e1803d124bec2bb353be5f44739a;Napoleon Co. B12688 Napoleon Pickled Baby Corn - 12x7.5Oz;Napoleon Co.;Canned Food
d5976330867ca9a074f3daba2616fe38;(2 Pack) Mutti Tomato Puree with Basil, 25 oz;Mutti;Canned Food
0338124591dc1e6bb19ab45be8fdde6c;Liebers Sliced Potatoes Kosher For Passover 15 Oz. Pack Of 3.;Liebers;Canned Food
c80e0b948caf0458f59d567a8a508a3b;Dried Chipotle Peppers;Olivenation;Canned Food
3e147f6219ae92a87d7b75ae2f02df34;Grape Leaves - 1 jar - 1 lb;Orlando;Canned Food
615a65e562a3b4da6e69e1806fb959db;Cento Fine Foods Cento Tomatoes, 28 oz;Cento;Canned Food
f10edb88b235e607ae82e874655b0dd3;Muir Glen Fire Roasted Whole Tomatoes, 28 oz (Pack of 12);Muir Glen;Canned Food
20a4fb48efd00bbe88bd2bd7700ae332;Tomer Whole Baby Corn in Brine 410g Kosher For Passover - Pack of 3;Tomer;Canned Food
9d4a1eeb610f33cf74f5e74613e5e98a;Beetology Whole Organic Beets pck of 3 (17.6);Beetology;Canned Food
0888ff4b94d2afdb928fcf0137558685;Roasted Sweet Red Peppers, Imported (Krinos) 1lb;Krinos;Canned Food
f34d6fcba6254971e59b422598f03163;3dRose Red Hot Peppers - chili, chili pepper, chilli, chilli peppers, pepper, peppers, red - Single Toggle Switch (lsp_46856_1);3dRose;Canned Food
17d91845b1eeaf9ef8311896b2360e7f;Franks Sweet Bavarian Style Kraut, 14 OZ (Pack of 24);Franks;Canned Food
f33859c0edcebe39afa66dd44b2b152e;Vigo Quartered Artichokes, 14 OZ (Pack of 12);Vigo;Canned Food
28a5770f7658413d979ee9632c67c71c;Victoria Taylors Garlic Slices Roasted,1.9 Oz (Pack Of 6);VICTORIA TAYLORS;Canned Food
28e9c468132aa254b3ab014dbc3466bc;Sundried Tomatoes in Oil (MarcoPolo) 11.7 oz (330g);Marco Polo;Canned Food
e97c4f9f5863896001b81d0ca78ccb92;Jake & Amos Pickled Sweet Baby Beets 16 oz. (3 Jars);Jake & Amos;Canned Food
7b8dcb338677398086239206e59173d0;GL Mezzetta Mezzetta Peppers, 16 oz;Mezzetta;Canned Food
056478aac58f1c8114b33c64971ec48c;Gefen Peas & Carrots 15 Oz. Pack Of 3.;AVI Glatt;Canned Food
90cb0085eec573111e5adc156beb0d9d;Reese Artichoke Hearts 10-12, 14 OZ (Pack of 12);Reese;Canned Food
2f8a2eaa1427647bf5d925c77ab9fc29;Empacadora San Marcos Nacho Jalapeno Peppers, 11 oz, (Pack of 12);San Marcos;Canned Food
4940eb4719bc0557f6f9bb3ca00a5843;(3 Pack) California Sun-Dry Sun-Dried Tomatoes Sun-Dried Tomatoes Juliene Cut With Herbs, 8.5 OZ;California;Canned Food
7aa6d4e86b90d833a0c30fb2dc3bf0cd;Gefen Whole Carrots Kosher For Passover 14.5 Oz. Pack Of 3.;Kenover;Canned Food
6a6fc5ffb18da9ed52660e59432c798e;Krinos in Vinegar Brine Grape Leaves, 1 lb (Pack of 6);Krinos;Canned Food
18746b15913ed9266bd9801be24cf567;Galil Pickled Eggplant, 23 Ounce (Pack of 12);AVI Glatt;Canned Food
660623ad20672c7388c8acafb0ffd039;Cajun Chef Products Cajun Chef Louisiana Sport Peppers, 6 oz;Cajun Chef;Canned Food
eb89ed71001d26c6f029b0c11fe9bac0;Bella Terra Organic San Marzano Fire Roasted Diced Tomatoes, 24 oz, (Pack of 6);Bella Terra;Canned Food
f64036df33e849f2dd2e0cc7fa464148;Napoleon Napoleon Artichoke Hearts, 13.75 oz;Napoleon Co.;Canned Food
b2a82077929ec84182b8a70df1a2c415;Fansaoguang Preserved Mushroom 9.80 Oz (Pack of Two);Fansaoguang;Canned Food
ba13974d00893c341fadb6c2bc1129e5;Trappeys Jalapeno Peppers (whole);Trappeys;Canned Food
6370ae6036e235b2a905999d33f5a69f;Nezhin Ukrainian Marinated Tomatoes Glass Jar 900mg, Pack of 2;Nezhin;Canned Food
d7f57f899a9b9660bd194815e3253958;La Fiammante Datterino Giallo Yellow Tomatoes, 500g;La Fiammante;Canned Food
e00d36b9ea497361774a0f0813ba77b5;Thick & Easy Purees Puree 7 oz. Tray Turkey with Stuffing / Green Beans Ready to Use Puree, 60749 - Case of 7;Thick & Easy Purees;Canned Food
73b668e2b98f21250e1cc2fd158ea652;Giardiniera Hot (orlando greco) 16oz;Orlando Greco;Canned Food
2fb6822f3a3bf070ff4c98d7cdd49931;Badia Hearts Palm, 14 oz (Pack of 12);Badia;Canned Food
bda82aad26501fae80cbbebc9f63dea1;(2 Pack) Sanniti Italian Calabrian Hot Long Chili Peppers - 10 oz;Sanniti;Canned Food
c0088cc1a7554d7768fd796932c945b8;Woodland Scenics Undercoat 8oz-Green;Woodland Scenics;Canned Food
ffb37242ab9927bdd88a489affdbfb67;(4 Pack) RO*TEL Original Diced Tomatoes and Green Chilies, 28 Ounce;RO*TEL;Canned Food
4df38ce585e24492f9dec9a966acd4e2;Bella Terra Sun-Dried Tomatoes Organic, 7.5 OZ (Pack of 6);Bella Terra;Canned Food
107385ebaf785a99fd60d400d3e18125;Cento san marzano peeled tomatoes with basil leaf, 28 oz, (pack of 12);Cento;Canned Food
c3ac121da582302d4468e6383de53f33;Kuner Diced Tomatoes - Chili Spices - Case of 12 - 14.5 oz.;KUNER;Canned Food
d3edf44707c217edd1e280f851545c70;Orland Grape Leaves;Orland;Canned Food
4a6eba6834bd0be48465df83a5bb737e;Korean Stir-Fried Cabbage Kimchi Can Pakage 160g (5.64 Ounce) 6ea;SKINNY RED;Canned Food
0c90771a1b19c65b1661d96ce99d853b;Perfectshaker, Shaker Cup 28 oz. BB-9E 28 OZ;PerfectShaker;Canned Food
2e2b2359f373c09b987381acce0cd506;2 Pack - Kirkland Golden Sweet Corn-15.25 oz;FREESHIT;Canned Food
4743dd60997afbeb6d2917b5d24c74ce;My Greek Meze Sweet & Spicy Dolmas (Palirria) 10 oz;Palirria;Canned Food
2c1bf3ea646f85ae9c1c4b04c5e1c658;Ruby Whole Button Mushrooms 16 oz.;Ruby;Canned Food
2bd7bfc163478ba0ef05ae5fa41c65be;Hudson Valey Harvest Organic Pickled Whole Jalapenos, 24oz;Hudson Valley Harvest;Canned Food
7b66025ffb2786bbafe2d632201509e3;Giuliano Mild Nacho Sliced Jalapenos, 16 OZ (Pack of 6);Giuliano Foods;Canned Food
1dc195c025e05ab59649d35ac96c20a7;Lat Chiu Preserved Red Mango (SPICY) - 350g (Pack of 2) by Callaloo Box;Lat Chiu Preserves;Canned Food
bdf8804e4299cba90eacf4cfc6a89742;DeLallo Bruschetta Topping, Roasted Pepper, 10 Oz;DeLallo;Canned Food
7b7266f10b2c6b47b6f3099bbc1aed44;Alpino Original Italian Style Muffalata, 12 Oz (Pack of 6);Alpino;Canned Food
5e5e8eec860e706b1f60049c0c3fd699;Muir Glen Fire Roasted Crushed Tomato - Tomato - Case Of 12 - 28 Oz.;Muir Glen;Canned Food
6e7cf4ed5943620b0a26e809b577577c;(2 Pack) Fishin Families White Albacore Tuna with Salt, 5 oz Can;;Canned Food
54b533dd6a130a93ec2012b842f8e7b8;Oqopo Sardines In Olive Oil With Spice 4.2 oz.;Oqopo;Canned Food
f66afd7d29d048f83c2177bb58fcbfb2;12 PACKS : Chicken of The Sea Shrimp, Tiny, 4 Ounce;Chicken of the Sea;Canned Food
754b458fa247a2aef0ac017bd10f0999;Matiz Gallego Organic Mussels in Olive Oil & Vinegar, 3.9 oz Can;Matiz;Canned Food
d015b665b664b6030cf251a5e6994f8f;Premium Albacore;Bumble Bee;Canned Food
ea29ee6c846e5694d60cacc59ae8f0d1;Bowfin Caviar - 1 oz Wild American Choupique Roe - USA;Caviar Star;Canned Food
7878201a4e3bbeedf23e64665fc95b5a;(2 Pack) Crown Prince Natural Chunk Light Tongol Tuna In Spring Water-No Salt Added, 5 oz;;Canned Food
cec7c32b7e47d2afac889b3896583b9f;(2 Pack) Bumble Bee Solid White Albacore Tuna in Water, Canned Tuna Fish, High Protein Food, 12oz Can;;Canned Food
652391debae647c59bda5f79700cf067;(3 Pack) MW Polar Sardines in Tomato Oval 15 oz.;;Canned Food
653dbe42c717e753a498c21ca956ac33;(2 Pack) Demings Red Sockeye Wild Caught Alaskan Salmon, 14.75 Oz;Demings;Canned Food
7562acfeb43032be79a2c9799400c416;(2 Pack) Bumble Bee Regular Tiny Shrimp, 4 oz Can;Bumble Bee;Canned Food
b75f2de594533fe75e117027f83789ba;(4 Cans) BUMBLE BEE Solid White Albacore Tuna in Water, 5 Ounce Cans, Ready to Eat Tuna Fish, High Protein Food and Snacks;Bumble Bee;Canned Food
abfae45bff42c7b4c8d68f854943c8ce;Gefen Chunk Light Tuna in Water, 6 oz (Pack of 48);Gefen;Canned Food
c38fa685fe759ec66571f923871ab891;Natural Sea Canned Wild Alaska Red Sockeye Salmon, No Salt Added, 7.5 Oz;Natural Sea;Canned Food
d976e86c36d7a2091e0058972209b0a2;Riga Gold Smoked Sprats in Oil, 100g Jar;Riga Gold;Canned Food
652d518bbda928bee58b66de48d3ffbc;Capelin Roe - Black 1.76 oz (50 g);Caviar Star;Canned Food
59662626b5c38f866e3386098c835ec8;Red Tobiko - 7 oz Flying Fish Roe;Caviar Star;Canned Food
ba5b56e5069f8fa403d0fa2efb7c8681;Yehuda Gefilte Fish Original No MSG No Egg Yolk 24 Oz. Pk Of 3.;Yehuda;Canned Food
44e4414fbe9a194a53b2a516564113bb;Cuoco Seasoning for Macaroni with Sardines - 14.5 oz;Cuoco;Canned Food
dd7ea84dc88aa05909c4039923a501d8;Season Brand Sardines In Water - No Salt Added - Pack of 12 - 4.375 Oz.;Season Brand;Canned Food
163dd4b5094ba40b358bd2255415892a;Coles mackerel wild mackerel, 4.4 oz, (pack of 10);Coles;Canned Food
d6aa4a864917baac73428a64714353ba;Tobiko Spicy, Capelin Sushi Caviar - 4 oz;Markys Caviar;Canned Food
4967d29f83f17289b3b89979ddc8bbcf;Iceland Pure Salmon Oil 8.75 oz;Iceland Pure Salmon Oil;Canned Food
4991d407b4eef9280f3d2f55c65b2817;Agostino Recca Salted Whole Anchovies, 800g (Pack of 2);Agostino Recca;Canned Food
e426fb63375882e42cbcd5df02869d02;(6 pack) StarKist Tuna Creations Bold, Thai Chili Style, 2.6 oz Pouch;StarKist;Canned Food
6e3e443ee346d80c24f6e482f84a3949;(4 Pack) Season Salted Sardines in Water, 4.375 oz;;Canned Food
46ed67ed7b4a8d2e96e50a47010514b4;Season in Pure Olive Oil Brisling Cross-Packed Sardines, 3.75 OZ (Pack of 12);Season Brand;Canned Food
df8ccb3bc0960b602b55741cc7fc2a25;Escal Extra large French Wild Burgundy Snails 3 dozens 14.1 oz;Escal;Canned Food
690a77080a26ea7785dd482bc1a34dcb;Manischewitz Whitefish & Pike In Liquid Broth, 24 oz (Pack of 6);;Canned Food
e08cd8f3317147c066bd16965e3b8383;Flukers Gourmet Style Canned Mealworms 1.2 oz - Pack of 10;Flukers;Canned Food
546ae7efd97fefbaa8bd681103addb3c;(6 Cans) Beach Cliff Sardines in Soy Oil, Gluten Free Food, High Protein Snacks, 3.75oz;Beach Cliff;Canned Food
ecd4ae7765090405137562de7dc0d2d7;Skull Crossbone Bow Screen Print Shirt Bright Pink XXXL (20);Mirage;Canned Food
6867f7d8ca1a48eb6cd7b9f563af0f75;Manischewitz Sweet Whitefish & Pike In Jelled Broth, 24 oz (Pack of 6);;Canned Food
469e010309f038b69ff2db8def3013ae;Helix Extra Large Escargot with Shells, 18 Count by Saveurs;Sauveurs de la terre;Canned Food
5e57e00f3f7cf5cdafb1ad7db1e3027a;American Black Caviar Bowfin - 2 oz;Markys Caviar;Canned Food
e7020fe6498e5ad9845ca6477ed7a4f4;Roland Xl Burgundy Snails, 30 Oz;Roland;Canned Food
3788d336f361c9c7ba9489989b147194;Tuna Pate (Argeta) 95g;Argeta;Canned Food
0d73978ad1c062f0d2275f3b55d4a275;Ortiz Sardines A La Antigua in Olive Oil, Skin On, 6.7 oz Glass Jar;Ortiz;Canned Food
ac9e47e6bb4ee221820d9e5b6664fd01;Capelin Caviar 1.75 oz each (2 Items Per Order);Plaza;Canned Food
ebc128cdfa6d6b0afe6055adba407f00;8mm Chakra & Pentagrams;AzureGreen;Canned Food
a903a9045467186bbcc7354a2acbed7a;Sea Castle Sardines Skinless & Boneless In Water No Salt Kosher For Passover 4.4 Oz. Pk Of 6.;Sea Castle;Canned Food
44093da2ac50ff8472840f5cdeeaf6ac;Capelin Caviar 1.75 oz each (1 Item Per Order);Plaza;Canned Food
17dd2c32bdcb20d9b9c2848d65ba451f;Mackerel Fillets in Extra Virgin Olive Oil, (Delamaris) 125g (4.4oz);Delamaris;Canned Food
599266cc00f1e271196897c4a9c7c327;Bar Harbor Skinless, Boneless Smoked Sardine Fillets, 6.7 oz, (Pack of 12);Bar Harbor;Canned Food
7a3142d3580aceb1ba41ed18e541a2a8;(2 Pack) Crown Prince Natural 1-Layer Brisling Sardines Mediterranean Style, 3.75 oz;;Canned Food
bb35ba6e383ae4471864029868763e28;StarKist Chunk White Tuna in Water, 5 Ounce Cans (Pack of 4);StarKist;Canned Food
f7e5750fdde169495dc4e7d6e172be00;(3 Pack) Genova Yellowfin Tuna in Olive Oil with Sea Salt, 5 oz;Genova;Canned Food
e2eda3afffb7b1b46cbe9b7f90e76f62;Matiz Espana Sardines in Olive Oil, 4.2 OZ;Matiz;Canned Food
2660474ce3d3b202db5cedc682e1974b;StarKist Tuna Creations Ranch - 2.6 oz Pouch (24-Pack), 2.6 OZ;StarKist;Canned Food
ee93be49ea7e8c55023074e923adf233;(4 pack) Bumble Bee Cracked Pepper and Sea Salt Seasoned Tuna Fish Pouch with Spoon, 2.5 Ounce Pouch, High Protein Food and Snacks;Bumble Bee;Canned Food
61325d426b8eaa9d6d2f27885b59b71b;Crown prince naturally smoked oysters in olive oil, 3 oz (pack of 18);Crown Prince;Canned Food
b4f518a7a36b2546898e443f2aaaf4e5;(4 Cans) StarKist Solid White Albacore Tuna in Water, 5 oz;StarKist;Canned Food
cb48b7bbe5eae2c0813672ed11bc3d3e;(8 Cans) Bumble Bee Solid White Albacore Tuna in Water, 5oz, High Protein Food and Snacks;Bumble Bee;Canned Food
6e5f0609a86bd6fc492f90af13bc68c9;(3 Pack) Chicken of The Sea Smoked Oysters in Water, 3.75 oz;Chicken of the Sea;Canned Food
b044b90f1874dad5cdfde9e433f610ea;(3 Pack) Grilled Catch Brisling Sardines in olive oil with lemon and basil 5.6oz;;Canned Food
8df7641d391b120baa050f8f03a26d58;American Bowfin Wild Caviar, 1-Ounce Jar;BEMKA;Canned Food
5da64c376e5a18a29b3481dcfa67ca4d;La Sirena Pica Poco Sardine 5.5 oz - Sardina (Pack of 15);La Sirena;Canned Food
7a4a481198d8f69ab9e709b4cf50eefd;(2 Pack) Crown Prince 1-Layer Brisling Sardines Mediterranean Style, 3.75 oz;;Canned Food
f5262536a157580b475fd74d68a48a9e;Tarama Cod Roe Caviar (Fantis) 10oz;Fantis;Canned Food
d364174d7d31c8d4751792950fc5a58c;Blue Dragon Sushi Nori Roasted Seaweed Sheets, 0.77 OZ;Blue Dragon;Canned Food
2c2ad9084dd2a31e288193fccb9c15ea;Russian Blini, Hand Made Canape - 36 pcs;Markys;Canned Food
c68d7fb24029814c119cc17bf5ddf646;Bowfin Caviar - 4 oz Wild American Choupique Roe - USA;Caviar Star;Canned Food
cea279639720ad46d67c904187965988;American Wild Caught Medium Size Sea Cucumber - 8 Oz;WOHO;Canned Food
033e88390b09c3ff41e670a455ff93f2;Salted Anchovies (AgostinoRecca) 5 Kg;Agostino Recca;Canned Food
da9c588666350f6071cf7308b3af83ff;Dell Alpe Flat Fillets Anchovies, 2.85 OZ (Pack of 12);DellAlpe;Canned Food
62d1a375d5634d5f4f8db3a6c8ab4c8d;(2 Pack) Iberia Long Grain Brown Rice, 5 lb;Iberia;Grains
a01fc4ecfd50dd50eddf3accfba1394a;KELLOGGS RICE KRISPIES TREATS CARAMEL CHOCOLATEY CHUNK 1.48 oz Each ( 20 in a Pack );;Grains
ff5290a0d5d833bd19df76799114668c;Flaked Wheat 1 Lb.;Home Brew Ohio;Grains
bc4d39a16b4cc61d9bd7faa0d9b6b202;Barons Kosher Plain Traditional Original Couscous 26.45-ounce Jar (Pack of 2);Barons;Grains
366d5aaf7ccde660fe7c10f1ab907910;Couscous, Mediterranean Blend (16 oz, ZIN: 526163);Larissa Veronica;Grains
3cb8e538a8ca00c8e9cc37c3d36e4074;(3 Pack) UNCLE BENS Whole Grain Instant Brown Rice, 14oz;Uncle Bens;Grains
88add02cb0c4d1cee99c8669d0b4c20a;Bulgur Wheat, Coarse (8 oz, ZIN: 526183) - 2-Pack;Larissa Veronica;Grains
74b9add6e1127a9d6bbcb9df11da30fa;E.C. Kraus Specialty Grains Size Chocolate;Home Brew Ohio;Grains
d8fc8321d5ef5fc060ac71d3012f9306;Wheat Germ, Raw (4 oz, ZIN: 525675) - 2-Pack;Larissa Veronica;Grains
4aa186810d8fb1f081a84ceec9bd6ee7;(2 Pack) Excellent Rice Stick Bihon (Large), 16 Ounce;;Grains
4a91c5762796150773144b5a4d63abaa;Tilda Legendary Rice, Pure Original Basmati, 10 Pound;Tilda;Grains
700a8004eaae224d823c6e29aff01bce;Rustichella DAbruzzo Farro Whole Wheat Bulk - 5.5 lb.;Rustichella DAbruzzo;Grains
af0165a78783ff555738dc2444c0b27b;(8 Pack) Sams Choice Italia 4 Cheese Risotto Meal Kit, 170G;Sams Choice;Food | Meal Solutions, Grains & Pasta | Pasta & Noodles
2c62b568732492e92d4fcb834788028e;(3 Pack) Annies Macaroni and Cheese Shells & Aged Cheddar Mac and Cheese 6 oz;Annies;Food | Meal Solutions, Grains & Pasta | Pasta & Noodles
7f2f61524aa0dbba530decff9d905270;George DeLallo DeLallo Breadsticks, 3.5 oz;DeLallo;Food | Meal Solutions, Grains & Pasta | Pasta & Noodles
0d5ff68644f18cc83739fc64822fc771;Ottogi Ppushu Ppushu Noodle Snack Combo Flavor 3.17 oz x 4 (Pack of 4);Ottogi;Food | Meal Solutions, Grains & Pasta | Pasta & Noodles
750492a5ec3f2557dec3d550bc4e61db;Lays Deep Dish Pizza Xl 7.75oz;LAYS;Snacks
5c9a6110e2b6ba4b09a5187bfb4d0d5d;Great Value Honey Barbeque Corn Chips;Great Value;Snacks
911c48d36a6b81a3192d6ed549a687d8;Prodiana Bacorns Snack 2.32 oz - Tocinitos (Pack of 18);Prodiana;Snacks
6d7582eda35975618ca53e2ae2dba021;New York Style Brand Sea Salt & Cracked Pepper Original Bagel Crisps, 7.2 oz, (Pack of 12);New York Style;Snacks
731d7bf9f88b778b8a198ae17694f960;Super Cantinero Mexican Style Spicy Peanut Mix (Pack of 12);WINNUTS;Snacks
a45c477a8d8771cc0407814dece395d9;Middleswarth Kitchen Fresh Bar-B-Q Flavored Potato Chips, 6.5 Oz.;Middleswarth;Snacks
220f7737196f7e4c27e9a2cb4b8d9a44;Tortrix Barbecue Chips 6.3oz - Barbacoa Chips (Pack of 4);Tortrix;Snacks
c5da4f457e4c1eb94f4710e91406005f;Diana Hot Curl 0.35 oz (Dozen) - Maiz Chino (Pack of 4);Diana;Snacks
4a16170b5fb40c7f874ada4a261116c1;Osem Snack Crm Bamba Hazelnut;Osem;Snacks
f37118e9ac5d729cf0f0d3c241653e4d;Stonefire Authentic Flatbreads Sea Salt Naan Crisps 6 oz. Bag;Stonefire;Snacks
10e8c0f97ee94f36ecc66ae916ab2f0e;Beanitos Black Bean Sea Salt 10 oz.;Beanitos, LLC;Snacks
53245ae6d810ac93100e2d0a5d908e69;Prodiana Cornbits Hot Snack 4.30 oz - Elotitos Picante (Pack of 28);Prodiana;Snacks
f24979fef31d40151845a895f5d4c291;Sea Salt & Vinegar Chicken Chips, 2.25 oz;WILDE BRANDS;Snacks
8b2979700bb5be9254928dd78c1ff81d;Frito-Lay Spicy Doritos & Cheetos Mix Variety Pack, 18 Count;Frito-Lay;Snacks
d49def93ac0f8bcd5b22ab617f7ec563;Prodiana Bacorns Snack 2.32 oz - Tocinitos (Pack of 6);Prodiana;Snacks
27d84d2977721b190081a5e1bd563060;Tyson Anytizers All Natural* Ranch Flavored Chicken Chips (Frozen);Tyson;Snacks
9060a7c5944bb7423a1cf32bdab7d586;Miss Vickies Kettle Cooked Smokehouse BBQ Potato Chips, 1.375 oz Bag, 64/Carton -LAY44451;Miss Vickies;Snacks
e157502772a5ae66498604a13b699127;Prodiana Jalapeno Snacks 4.12 oz - Tortilla (Pack of 12);Prodiana;Snacks
3faec35572f6566b98c5f8658b934eaa;Fresh Gourmet, Potato Sticks 10 lb. (1 Count);Fresh Gourmet;Snacks
9d3841d8eb5d9af54fe95fb6b6e2e55c;Good Health Jalapeno Veggie Straws, 6.75 oz, (Pack of 10);Good Health;Snacks
046edc1f5b61978c2105dd9a2dd1b5ac;Escargot Achatine, Large in Puff Pastries - 5 oz;Escal;Snacks
feb50f1d0ebc50b5ca17a2dd7b593f78;Tortrix Lime Flavored Chips 6.3oz - Limon Chips (Pack of 6);Tortrix;Snacks
34fa390a85b80c9100c63b499776496f;Snapps Snapss 5oz Loaded Potato Bites;SNAPPS;Snacks
b4638ee4e01483df7ea1c505a4659133;Prodiana Caramel Corn Snack 5.18 oz - Alboroto (Pack of 24);Prodiana;Snacks
bdbdbc2d6c44f7b2dcdf0bf9913680e7;Taco Chili Rolled chips 27 x 3.20 oz - Tortix Tacos Chileros 27 x 3.20 oz (Pack of 24);Tortrix;Snacks
7cba8a722f9f29df151c8dd78c551358;I Mei Taipei Egg Crisps (Laver) 2.33 Oz;Imei;Snacks
b0ef589bfc512b75be7db2cfa416ed80;McCain Seasoned Curly Fries;McCain;Snacks
5976c21e924cfb8047175a09592c03eb;Prodiana Cheesteen Snack 4.40 oz - Quesitos (Pack of 18);Prodiana;Snacks
62519e68d65b1743163051aa1f621e60;Sheng Xiang Zhen (ShengXiangZhen) Snack + OneNine Chef Spoon Per order (Garlic Broad Bean 6 Bag);NineChef;Snacks
92dca4cb482979b4e988fe717f558d16;Boulder Canyon Kettle Cooked Potato Chips Sea Salt, 1.5 OZ;Boulder Canyon;Snacks
f9c147e53590c317f5c1705d1cfcfc96;Cape Cod Original Kettle Cooked Potato Chips, 8 Oz;Cape Cod;Snacks
f798b75c0051f83b0dc87ecb921657d8;Cape Cod Sweet & Spicy Jalapeno Kettle Cooked Potato Chips, 8 Oz;Cape Cod;Snacks
8c7a5df6a4202c2fdcea8989db683299;Macs Bar-B-Q Pork Skins Party Size!, 8.5 Oz.;Macs;Snacks
78386ed12dd85005acf8b9799c66cac0;Lowreys Hot and Spicy Microwave Pork Rinds, Chicharrones, Hot and Crispy Protein Snacks, 1.75 oz 18 Count;Lowreys;Snacks
59a8b0939d0f1cc8e08e7ebf19602450;Great Value Cheddar & Sour Cream Potato Chips Party Size!, 13 oz;Great Value;Snacks
af265fd7c79346f0729ffc59259de757;HI Frito Lay Mix 28ct Spicy Party Mix Multipack 26.375oz;Frito-Lay;Snacks
aefd88d85677447dde700b4190b2f378;TorTrix Crujito - TorTrix Crujito Snack 1 oz (29gr) (Pack of 24);Tortrix;Snacks
51abc3481676ff57247455514f942d20;Diana Jalapeno 0.8 oz (Dozen) - Jalapeno (Pack of 4);Diana;Snacks
4fadc2cc92b7535838d51c5ed1c5369c;Adopted Rhinestone Shirt Black M (12);Mirage;Snacks
0b9df0598784425ec522303add1c038f;Lays Potato Chips, Classic, 1 oz Bags, 40 Count;Lays;Snacks
d907b153c62a8ac77f471439229cb2ba;Ruffles Potato Chips, Variety Pack, 1 oz Bags, 40 Count;Ruffles;Snacks
95965116ce5fe2e3f40ca6a110a1085e;Great Value Barbecue Flavored Potato Chips Party Size!, 14.75 oz;Great Value;Snacks
c58f591e7e3905ecc5629ed120d40bc3;Organic Goji Berries, 3 Pounds - Sun Dried, Large and Juicy, Non-GMO, Raw, Vegan, Bulk – by Food to Live;Food to Live;Snacks
26d64f9d210d482527f6f85e12429329;Military Surplus Freeze Dried Banana Walnut Pound Cakes #10 Can;Military Surplus;Snacks
cb1d03258ebeac005750d954423ff014;Menthol Assorted Fruit Chips Chipurnoi Italian Cough Drops 54.5 ounces;Chipurnoi;Snacks
7817d876aab0fae7f6d6eab21b4c117f;Planters Lightly Salted Cashews Halves & Pieces, 14.0 oz Canister;Planters;Nuts
1c7a6c8567bcfd90db0a35e0943237bc;Food To Live Â Walnuts (Raw, No Shell) (1 Pound);Food to Live;Nuts
6fd3df3fc91f450d3a22812728c19427;Jordan Almonds 5 lbs Pastel Pink;Its Delish;Nuts
109283e0105b592d61177923ad1caa55;Legendary Foods Nut Snacks Seasoned Almonds - Cheddar Bacon Size: 1.5 oz, Pack: One Pack;Legendary Foods;Nuts
3db6190f1ee6286457e4107609a59a6e;Product of Wellsley Farms Roasted Mixed Nuts, 56 oz.;Brand Wellsley Farms;Nuts
b3e32c92d5370034dbfb0221c16182eb;Giant Whole Cashews Gift Box (Unsalted);Superior Nut Company;Nuts
6805c35b26bd5014a195673e0ed37a01;Deluxe Special Mixed Nuts (1 Pound Bag) (Salted);Superior Nut Company;Nuts
16cf5fe22142aee90c44e5eedae37151;Dole Snack Bites, Cashew Clusters, 2 Ounce (Pack of 12);Dole;Nuts
bd2ec3f2a2edf2e1d3a1a7016fcc8b2d;Blanched Almonds (Sliced), 8 Ounces - Kosher, Raw, Vegan - by Food to Live;Food to Live;Nuts
1d23ffc56fe92f11cd929197cfc50f55;Mixed Nuts, In Shell, Raw (16 oz, ZIN: 525388);Larissa Veronica;Nuts
38723cdaa4b2c941980cac9d8b2013c8;Pistachios, Turkish Antep Roasted Salted , In Shell 1 pound;We Got Nuts;Nuts
65c80e006e660b5f8e7a9cafd8f5b7f3;Gourmet Roasted & Salted Nuts Large Variety Gift Tray 6-Section by Its Delish;Its Delish;Nuts
22dc45693512b3d16442563c2b13c390;Pecan and Walnuts Bundle - Includes Pecan Halves (2.0 LB) and Walnuts (3 LB);KS;Nuts
153474e8d4d4e27dc3b10220eae3757d;Turkish Delight Variety Assorted Flavors with Melon Watermelon Pineapple Rose Pistachios Hazelnut Almond Mix Fruits Gift Set for Family & Friends - Four individual box set - Total 400 Grams 1.2 Lb;Marmara Foods;Nuts
a2e3e31e3e3a7ca5bf63c279711a01e9;Food To Live Â Organic Walnuts (Raw, No Shell) (2.5 Pounds);Food to Live;Nuts
d8dc129f2dfb3e930d90ddee59c4047e;BAYSIDE CANDY PISTACHIOS ROASTED SALTED, 1LB;Bayside Candy;Nuts
7dda03937dc247b3118710fd231f6de0;Badia Hulled Hemp Seeds, 1.3 Lb;Badia;Nuts
57b68386493be8d6c05f1cad4cd37f49;Maple Nut Goodies 10 oz.;Fox Valley Traders;Nuts
76f5312545bf54aca249d9f0d1cd2a05;Great Value Deluxe Whole Cashews, Unsalted, 16 Oz;Great Value;Nuts
d455ee8fc1e43f1e29ac548136dadd07;Desert Creatures Scorpions Sting Stingin Hot Peanuts;Ass Kickin;Nuts
01298cf2c90893a13679cdb292a2b71d;Blanched Almonds (Sliced), 4 Pounds - Kosher, Raw, Vegan - by Food to Live;Food to Live;Nuts
02b2b030b762749926a41f4c3e876c29;32oz Superior Mixed Nuts Gift Tin (Unsalted);Superior Nut Company;Nuts
9ef36bd82c4ade4e970b6d166f58f5e8;Food To Live Raw Cashew Nuts (Whole, Size W-240, Unsalted, Bulk) (8 Ounces);Food to Live;Nuts
1303f2b622eaa5a68ba6b39746e6d2f1;Sincerely Nuts Dried Turkish Apricots, 2 LB Bag;Sincerely Nuts;Nuts
6e516de3229cf1267523fe8252abc850;NOW Real Food - Marcona Almonds (Blanched) - 8 oz (227 Grams) by NOW;NOW;Nuts
be92d76234bf1c3c4fd11155e09643d7;Italian Organic Almonds, 2 Pounds - Kosher, Non-GMO, Raw, Sproutable, Vegan - by Food to Live;Food to Live;Nuts
c2691a2c946bd06739d3ffe94a73bcfa;Sahale Snacks Glazed Mix Naturally Pomegranate Flavored Pistachios 9 Packs 1 5 oz 42 5 g Each;Sahale;Nuts
b24dcdb650a741442815995e0fe33226;We Got Nuts Whole Raw Cashews, 32 oz;We Got Nuts;Nuts
7b022b1b6d66a97242a911ae10816572;Food To Live Â ALMONDS (Slivered, Blanched) (4 Pounds);Food to Live;Nuts
2d8979bdbe3c85c3fc16ddcd6e880235;Gourmet Nuts Sampler Gift Tray 4-Section by Its Delish;Its Delish;Nuts
f7ba21612d1e1f3e39c3065faccad97c;Aurora Natural Dark Chocolate Cranberries, 26 Oz (Family Tub);Aurora GB;Nuts
be55def75ecd95fcc315f9d3fad7b982;Diamond Foods Diamond of California Almonds, 6 oz;Diamond;Nuts
60797b1f08c85177dbf7e112fb4bd82e;Peanuts, Redskin, Roasted and Salted (8 oz, ZIN: 526000);Larissa Veronica;Nuts
e504632c82ca6d39022e17b08070d6c3;Italian Organic Almonds, 3 Pounds - Kosher, Non-GMO, Raw, Sproutable, Vegan - by Food to Live;Food to Live;Nuts
7776a9ce5f7ef7f6ec4736c6d97b975f;Ass Kickin Ghost Pepper Honey Peanuts;Ass Kickin;Nuts
ca14232e0b4603a5e51e22e30a3c230b;Ass Kickin Carolina Reaper Honey Peanuts 4.25 oz.;;Nuts
d622bf058aa2fc1be02eb4044df28d60;Kelloggs Special K Cereal Bars Strawberry .88oz;Kelloggs;Nuts
2a4f70a5c5d59db435bb99c06be8e217;We Got Nuts Raw Pumpkin Seeds, 10 lbs;We Got Nuts;Nuts
1a4123fbd93211329073f64e407fef7b;Walnut Halves & Pieces;Olivenation;Nuts
4c7280cfa3c80027766d45852962f1a7;Planters Deluxe Mixed Nuts With Hazelnuts, 15.25 oz Canister;Planters;Nuts
b440c02f909d590a48e8b6d5da1a4003;Cinnamon Toffee Almonds (16 oz, ZIN: 524570);Larissa Veronica;Nuts
9f8148398bba2815b871d696a6e383aa;Blue Diamond Blueberry Oven Roasted Almonds,1.5 Oz box, 12 Pack;Blue Diamond;Nuts
f69039537f5ce200f4d9be1c0c223a7e;Product Of Planters Nut Variety Pack (24 Ct.) - For Vending Machine, Schools , parties, Retail Stores;By Kraft Heinz Foods Co.;Nuts
48f177144587bb50f2298a14fdc02b86;Setton Farms Omega-3 Mix, 18 Oz;Setton Farms;Nuts
85a0fe5406f7feff016291d4e81e0cc9;SUPERIOR NUT Fancy Salted Roasted Cashews Nut Mix, 30 oz;Superior Nut;Nuts
3fa76cbc0f96b0465b78bcb94de1bb04;Brazil Nuts - Raw, Whole, Shelled, Raw, Natural;We Got Nuts;Nuts
ea664fdf20097e9b07eb1932d7cc1139;Kirkland Signature, Extra SywBW Fancy Unsalted Mixed Nuts 40 Ounce (Pack of 3);Brooklyn Shipping;Nuts
e0a913d0722393c10112d512fc39cfcd;The Peanut Shop Honey Mustard Peanuts, 10.5 oz.;Fox Valley Traders;Nuts
91a431bdcadfbfd1c69af24d1d227d86;Ass Kickin Peanuts;Ass Kickin;Nuts
7f10501685996d93bfee1a8fc8d3b790;Air Wick Freshmatic Automatic Spray Air Freshener, Cool Linen and White Lilac Scent, 1 Refill, 6.17 Ounce (Pack of 12);Air Wick;Household Essentials
e2a55e443d9b6607cf43e32a916bf0e1;Air Wick Pure Freshmatic Ultra Automatic Spray Starter Kit, Tropical Flowers Scent 1 ea (12 Pack);Air Wick;Household Essentials
a1215dc3242e9471a54cc25c5801ae24;Air Wick Pumpkin Spice Freshmatic Ultra Automatic Air Freshener Spray Refill Plus Free Sprayer, 6.17 Oz.;Air Wick;Household Essentials
3aef7b1052910fb00a4fb66863ce418c;Air Wick Freshmatic Ultra Automatic Air Freshener Spray Starter Kit, Lavender & Chamomile Scent, 1 ct;Air Wick;Household Essentials
3bca88645642274f0685f2a0f30c8e8c;3 Pack - AirWick FRESHMATIC Ultra - Refill Pure Ocean Breeze, 6.17 oz;Air Wick;Household Essentials
a1572ce45b0844f6a83277c19217f7e3;Air Wick Freshmatic Ultra - Starter Kit Snuggle Fresh Linen (Pack of 8);Air Wick;Household Essentials
e98f321838fe939856712c30ddaa0741;6 Pack - AirWick FRESHMATIC Ultra - Refill Pure Sunset Cotton, 6.17 oz;Air Wick;Household Essentials
6f19ed3408f92dc60ca8bcb2e1cd1ed4;Air Wick Pure Freshmatic Automatic Spray Starter Kit, (Gadget + Refill), Pumpkin Spice, Air Freshener, Essential Oil, Odor Neutralization, Fall Scent, Fall décor;Air Wick;Household Essentials
297bdf8f79ee6065d9266a1c8d80f203;Air Wick Freshmatic Automatic Air Freshener Spray Refill, Lavender & Chamomile, 6.17 oz per Can, 2 ea (Pack Of 10);Air Wick;Household Essentials
132f2cd81bcaf81911dc7721af3c49da;Air Wick Freshmatic Ultra - Starter Kit Snuggle Fresh Linen (Pack of 9);Air Wick;Household Essentials
2da44b3706fdaf9a5c359cabb515b245;Air Wick Freshmatic Automatic Spray Refill Air Freshener, Snuggle Fresh Linen, 6.17 oz Each, 2 ea (Pack of 9);Air Wick;Household Essentials
803aacc5e283ff5d6f80473d033e7613;Air Wick Freshmatic Automatic Spray Air Freshener, Lavender and Chamomile Scent, 1 Refill, 6.17 oz (Pack of 3);Air Wick;Household Essentials
f86504f39066c4d9c04c74b05245938a;Freshmatic Refill RAC82314;Air Wick;Household Essentials
a0b7ed845863aaec1e5263791faa4050;Febreze Car Air Freshener Vent Clip with Downy Scent, April Fresh, 1 Count;Febreze;Household Essentials
bab9a7564058639691a0b2e38e0eebba;Febreze Car Odor-Eliminating Air Freshener Vent Clip, Bora Bora Waters Scent, 2 count;Febreze;Household Essentials
b0be865b22ba54e5b0948a0965cc57a1;Downy In-Wash Scent Booster Beads, Cool Cotton, 20.1 oz;Downy;Household Essentials
9c8a0535ce9078f9c18bc85c049c4ec7;Downy Infusions Liquid Fabric Softener, Refresh, Birch Water & Botanicals, 81 fl oz;Downy;Household Essentials
1289a80779636dc5a704bbf15e451ce3;All: 2X Ultra Stainlifter 96 Loads Laundry Detergent Liquid, 150 oz;all;Household Essentials
25f4a1045bfaf210f5afd16ae21f84f2;Gain + Aroma Boost Liquid Laundry Detergent with Febreze Freshness, Tropical Sunrise, 96 Loads 150 fl oz;Gain;Household Essentials